account_id,bvn,bank_name,bank_code,account_number,account_type
A1_1,60227680402,Zenith Bank,057,42871422713,current
A1_2,60227680402,UBA,033,86875935868,savings
A1_3,60227680402,Access Bank,044,70220212633,savings
A2_1,67606524296,GTBank,058,32298363942,savings
A2_2,67606524296,First Bank,011,75745391478,savings
A3_1,67403959807,Access Bank,044,07797516851,current
A3_2,67403959807,GTBank,058,75750309883,savings
A4_1,25078951691,Union Bank,032,73638420055,savings
A4_2,25078951691,Zenith Bank,057,06298026219,current
A4_3,25078951691,UBA,033,24406348066,savings
A5_1,43821442294,Union Bank,032,81424039274,current
A5_2,43821442294,Union Bank,032,67764120703,savings
A6_1,55819015621,UBA,033,55927236237,savings
A6_2,55819015621,Access Bank,044,06505513022,current
A7_1,87696082691,GTBank,058,85290680319,savings
A7_2,87696082691,GTBank,058,75400895851,savings
A7_3,87696082691,Access Bank,044,03990366358,savings
A7_4,87696082691,UBA,033,92171419746,savings
A8_1,27188284372,GTBank,058,56830825905,current
A8_2,27188284372,First Bank,011,73653527095,savings
A8_3,27188284372,Zenith Bank,057,30633873344,current
A8_4,27188284372,Access Bank,044,51637154832,current
A9_1,44249710563,GTBank,058,67485733168,savings
A9_2,44249710563,First Bank,011,72864591145,current
A9_3,44249710563,Union Bank,032,98675858742,savings
A10_1,82742472380,UBA,033,54249568730,current
A10_2,82742472380,First Bank,011,23885778424,current
A10_3,82742472380,Access Bank,044,36414160350,current
A11_1,14032373782,Union Bank,032,67679101165,savings
A11_2,14032373782,Access Bank,044,42369771359,current
A12_1,37066178619,UBA,033,44384115669,current
A12_2,37066178619,First Bank,011,48532924756,current
A12_3,37066178619,UBA,033,08127387209,savings
A12_4,37066178619,First Bank,011,24524740242,current
A12_5,37066178619,Access Bank,044,45473722111,savings
A13_1,17257598233,Union Bank,032,61848544109,current
A13_2,17257598233,Polaris Bank,076,10456189025,current
A14_1,67254489366,GTBank,058,51464022802,current
A14_2,67254489366,First Bank,011,76694569801,current
A14_3,67254489366,GTBank,058,58944342545,current
A15_1,76026850785,Union Bank,032,03368362985,current
A15_2,76026850785,GTBank,058,02178808405,current
A15_3,76026850785,UBA,033,67259461962,savings
A15_4,76026850785,UBA,033,30428196192,current
A15_5,76026850785,Polaris Bank,076,44441157107,current
A16_1,37207856844,Union Bank,032,84349397619,savings
A16_2,37207856844,Union Bank,032,55884547461,current
A16_3,37207856844,Union Bank,032,72630365968,current
A16_4,37207856844,GTBank,058,80069974068,current
A16_5,37207856844,Access Bank,044,12030342461,savings
A17_1,08629142208,Polaris Bank,076,56428134255,current
A17_2,08629142208,Access Bank,044,08308799789,savings
A18_1,63666768696,Zenith Bank,057,11595982848,current
A18_2,63666768696,First Bank,011,84072663850,current
A18_3,63666768696,Access Bank,044,05466589120,current
A18_4,63666768696,Zenith Bank,057,92089341934,savings
A19_1,25339655786,UBA,033,42393960299,current
A19_2,25339655786,GTBank,058,02690397285,savings
A20_1,82775299571,Zenith Bank,057,07574751590,current
A20_2,82775299571,GTBank,058,49044649006,savings
A20_3,82775299571,Access Bank,044,16573525471,savings
A20_4,82775299571,GTBank,058,48483733296,current
A21_1,08007855531,Union Bank,032,35262183758,savings
A21_2,08007855531,UBA,033,66602793116,savings
A22_1,16072433775,UBA,033,64427142646,savings
A22_2,16072433775,GTBank,058,29029772144,savings
A23_1,37588080098,Access Bank,044,46341440872,savings
A23_2,37588080098,Access Bank,044,06517396112,savings
A23_3,37588080098,Union Bank,032,67617477495,current
A23_4,37588080098,GTBank,058,86104320534,savings
A23_5,37588080098,Union Bank,032,32690535970,savings
A24_1,34101837512,Access Bank,044,76063353289,savings
A24_2,34101837512,Union Bank,032,35139635933,current
A24_3,34101837512,Access Bank,044,86876564331,savings
A25_1,37191275575,UBA,033,66970379677,savings
A25_2,37191275575,GTBank,058,53848399423,current
A25_3,37191275575,GTBank,058,98812685188,current
A26_1,01458098894,Union Bank,032,67128617400,current
A26_2,01458098894,Access Bank,044,21964721266,savings
A26_3,01458098894,First Bank,011,19505214624,savings
A26_4,01458098894,Union Bank,032,53957508033,savings
A26_5,01458098894,Zenith Bank,057,30261571336,current
A27_1,94117902783,GTBank,058,83138783944,current
A27_2,94117902783,Zenith Bank,057,87068530636,current
A27_3,94117902783,GTBank,058,14479646706,current
A27_4,94117902783,Access Bank,044,38691670073,current
A27_5,94117902783,Zenith Bank,057,90143401332,savings
A28_1,01591772669,Polaris Bank,076,40683305887,savings
A28_2,01591772669,Union Bank,032,75121705385,savings
A29_1,03744451304,Zenith Bank,057,88531929520,savings
A29_2,03744451304,First Bank,011,65135519167,current
A29_3,03744451304,Polaris Bank,076,85800656746,current
A30_1,85632844614,Access Bank,044,89135342202,current
A30_2,85632844614,Zenith Bank,057,84998971194,current
A30_3,85632844614,Zenith Bank,057,40342502586,current
A31_1,58487734515,Zenith Bank,057,03953164007,current
A31_2,58487734515,UBA,033,51819336855,current
A31_3,58487734515,UBA,033,72836957760,current
A31_4,58487734515,First Bank,011,26952045773,savings
A32_1,09103164798,Polaris Bank,076,43945568682,current
A32_2,09103164798,Polaris Bank,076,12529222733,current
A32_3,09103164798,Union Bank,032,25583371090,current
A33_1,67282521720,Access Bank,044,17059498419,current
A33_2,67282521720,Zenith Bank,057,20762780948,savings
A34_1,93499980519,Union Bank,032,37670326166,current
A34_2,93499980519,First Bank,011,85061132227,current
A34_3,93499980519,Polaris Bank,076,37066013458,current
A34_4,93499980519,GTBank,058,66932944937,current
A34_5,93499980519,Zenith Bank,057,78876575539,savings
A35_1,05551351250,Polaris Bank,076,48738750309,savings
A35_2,05551351250,Polaris Bank,076,94211679384,current
A35_3,05551351250,First Bank,011,36656315572,savings
A36_1,79474324118,UBA,033,54682045771,current
A36_2,79474324118,Union Bank,032,29557828954,current
A36_3,79474324118,Union Bank,032,09896449967,current
A36_4,79474324118,GTBank,058,64215228140,current
A36_5,79474324118,First Bank,011,95122698071,current
A37_1,36008562293,Union Bank,032,32463384877,current
A37_2,36008562293,UBA,033,93452129541,current
A37_3,36008562293,UBA,033,25259374774,current
A37_4,36008562293,Access Bank,044,17495600896,savings
A37_5,36008562293,GTBank,058,48270536664,current
A38_1,05407525649,GTBank,058,37094262809,savings
A38_2,05407525649,UBA,033,03500144758,savings
A38_3,05407525649,GTBank,058,89296529625,savings
A39_1,18021889255,Access Bank,044,07302066593,current
A39_2,18021889255,Zenith Bank,057,74253153722,savings
A39_3,18021889255,Zenith Bank,057,01767310332,savings
A39_4,18021889255,UBA,033,04551055780,current
A40_1,30999513134,Access Bank,044,46410383844,savings
A40_2,30999513134,Zenith Bank,057,36641337697,current
A40_3,30999513134,Access Bank,044,38315556594,savings
A40_4,30999513134,Union Bank,032,42687446267,current
A40_5,30999513134,Zenith Bank,057,09445965738,savings
A41_1,12616566937,Polaris Bank,076,54375530149,savings
A41_2,12616566937,Polaris Bank,076,87337530740,savings
A41_3,12616566937,UBA,033,81866192115,current
A42_1,24164061537,Zenith Bank,057,31164933313,current
A42_2,24164061537,Polaris Bank,076,68726011316,current
A43_1,41316669541,Polaris Bank,076,35644741572,savings
A43_2,41316669541,GTBank,058,25147751178,current
A44_1,57742476280,Union Bank,032,68646788555,savings
A44_2,57742476280,First Bank,011,37228960979,current
A44_3,57742476280,Zenith Bank,057,81827876452,current
A44_4,57742476280,GTBank,058,30774768445,savings
A44_5,57742476280,Zenith Bank,057,74630524228,current
A45_1,51878706809,GTBank,058,92623913362,savings
A45_2,51878706809,UBA,033,70412606894,savings
A45_3,51878706809,First Bank,011,42081323886,savings
A45_4,51878706809,UBA,033,05613279642,savings
A45_5,51878706809,GTBank,058,11734726267,current
A46_1,76863557208,Polaris Bank,076,99918536797,savings
A46_2,76863557208,UBA,033,50299327744,savings
A46_3,76863557208,Polaris Bank,076,23528536860,current
A47_1,78004463771,Union Bank,032,17287082075,savings
A47_2,78004463771,Polaris Bank,076,45081178617,savings
A47_3,78004463771,Zenith Bank,057,08243198597,current
A47_4,78004463771,Zenith Bank,057,22938516025,savings
A47_5,78004463771,GTBank,058,90428350253,savings
A48_1,45471972042,First Bank,011,15240970985,current
A48_2,45471972042,UBA,033,47556350612,current
A48_3,45471972042,Zenith Bank,057,93834291711,current
A48_4,45471972042,Zenith Bank,057,44592321168,savings
A49_1,28179302819,First Bank,011,10721469059,savings
A49_2,28179302819,First Bank,011,00941983041,current
A49_3,28179302819,Zenith Bank,057,83061212806,savings
A50_1,64840346729,Polaris Bank,076,13287095799,savings
A50_2,64840346729,Polaris Bank,076,22577795939,savings
A50_3,64840346729,Union Bank,032,15869079551,current
A50_4,64840346729,Polaris Bank,076,51006043683,savings
A50_5,64840346729,Access Bank,044,98305978893,current
A51_1,53397464375,Access Bank,044,10758751386,savings
A51_2,53397464375,Zenith Bank,057,91729180768,current
A51_3,53397464375,Access Bank,044,02637704414,current
A52_1,33875724700,Union Bank,032,99398746640,current
A52_2,33875724700,GTBank,058,21677222058,savings
A52_3,33875724700,First Bank,011,00086402694,savings
A53_1,33460518342,Polaris Bank,076,68472035969,savings
A53_2,33460518342,GTBank,058,40975986617,savings
A53_3,33460518342,UBA,033,91210062815,current
A53_4,33460518342,First Bank,011,99033324876,current
A54_1,11559117788,UBA,033,64386042337,current
A54_2,11559117788,Polaris Bank,076,24608194824,savings
A54_3,11559117788,GTBank,058,12877885135,savings
A54_4,11559117788,Access Bank,044,75518200031,current
A54_5,11559117788,UBA,033,85610351853,savings
A55_1,82800087222,Union Bank,032,64118269772,current
A55_2,82800087222,Union Bank,032,84235650998,current
A56_1,21096827821,UBA,033,24307517257,current
A56_2,21096827821,UBA,033,58881012871,current
A56_3,21096827821,Zenith Bank,057,62284835410,savings
A56_4,21096827821,UBA,033,41165481939,current
A56_5,21096827821,Union Bank,032,18103930427,savings
A57_1,47066493013,First Bank,011,28315300945,current
A57_2,47066493013,First Bank,011,46194719802,savings
A57_3,47066493013,Zenith Bank,057,20517736765,savings
A58_1,66064354166,UBA,033,56274678934,savings
A58_2,66064354166,UBA,033,04293069861,savings
A58_3,66064354166,Access Bank,044,70796492088,current
A58_4,66064354166,Union Bank,032,36418801638,current
A59_1,80814923876,Union Bank,032,19454676887,savings
A59_2,80814923876,Zenith Bank,057,44840608577,savings
A60_1,96357062363,First Bank,011,54417332553,savings
A60_2,96357062363,Union Bank,032,04504397040,savings
A61_1,87968564388,Zenith Bank,057,03675318487,current
A61_2,87968564388,Access Bank,044,16193477149,savings
A61_3,87968564388,Polaris Bank,076,74691450984,savings
A61_4,87968564388,First Bank,011,61816638466,savings
A61_5,87968564388,UBA,033,29941477278,savings
A62_1,26236969563,UBA,033,01300279610,current
A62_2,26236969563,Union Bank,032,25346652635,current
A62_3,26236969563,Polaris Bank,076,60347690728,current
A62_4,26236969563,Union Bank,032,89767567921,savings
A62_5,26236969563,Access Bank,044,11534515237,savings
A63_1,09576837507,Zenith Bank,057,54386329645,savings
A63_2,09576837507,GTBank,058,13269208371,current
A64_1,52983840815,UBA,033,62682887480,savings
A64_2,52983840815,GTBank,058,07001208944,current
A65_1,40656675709,GTBank,058,38012778262,current
A65_2,40656675709,Union Bank,032,90810535027,current
A66_1,29811621650,Access Bank,044,07431616934,current
A66_2,29811621650,First Bank,011,61589137762,current
A67_1,17843351688,Zenith Bank,057,86857202856,savings
A67_2,17843351688,Union Bank,032,32772453568,savings
A68_1,71155817907,First Bank,011,34409375882,savings
A68_2,71155817907,GTBank,058,33580292483,current
A68_3,71155817907,Union Bank,032,80842521168,savings
A69_1,43164564215,First Bank,011,95507620498,savings
A69_2,43164564215,GTBank,058,24157651695,savings
A69_3,43164564215,GTBank,058,23128541046,savings
A70_1,85706950964,GTBank,058,77601428284,savings
A70_2,85706950964,Zenith Bank,057,07055328414,current
A70_3,85706950964,Zenith Bank,057,25569325515,current
A70_4,85706950964,Access Bank,044,23377867461,savings
A70_5,85706950964,UBA,033,57866036884,current
A71_1,02367946290,GTBank,058,82055210201,current
A71_2,02367946290,UBA,033,73355700289,current
A72_1,38294401555,UBA,033,79445010696,savings
A72_2,38294401555,Union Bank,032,84357223735,savings
A72_3,38294401555,Polaris Bank,076,43829694178,savings
A72_4,38294401555,Zenith Bank,057,28837109408,savings
A73_1,83388521753,Polaris Bank,076,19646025362,current
A73_2,83388521753,Polaris Bank,076,24634273821,savings
A73_3,83388521753,Polaris Bank,076,96878581874,savings
A73_4,83388521753,Access Bank,044,14985773553,savings
A73_5,83388521753,UBA,033,08464335920,savings
A74_1,36656592357,Polaris Bank,076,94649033676,current
A74_2,36656592357,Union Bank,032,24835941076,savings
A74_3,36656592357,Union Bank,032,23094075916,savings
A74_4,36656592357,UBA,033,68322618068,current
A75_1,84895195547,Union Bank,032,34105712564,current
A75_2,84895195547,Polaris Bank,076,27757518427,current
A75_3,84895195547,GTBank,058,82065766265,current
A75_4,84895195547,First Bank,011,48126626100,savings
A76_1,11277214337,First Bank,011,35182309739,savings
A76_2,11277214337,Zenith Bank,057,70475946336,savings
A76_3,11277214337,GTBank,058,75142306924,savings
A76_4,11277214337,GTBank,058,12170074530,savings
A77_1,46397031514,Zenith Bank,057,07554553485,savings
A77_2,46397031514,First Bank,011,01223063108,savings
A77_3,46397031514,Access Bank,044,30981671243,savings
A77_4,46397031514,Zenith Bank,057,50818240586,current
A77_5,46397031514,GTBank,058,02709698463,current
A78_1,87065780251,Polaris Bank,076,17416346811,current
A78_2,87065780251,GTBank,058,56559959846,current
A78_3,87065780251,UBA,033,65279294379,savings
A79_1,59332808625,First Bank,011,13528039777,savings
A79_2,59332808625,Access Bank,044,48780608379,current
A80_1,38488266073,Access Bank,044,69975047134,savings
A80_2,38488266073,UBA,033,52346741355,savings
A80_3,38488266073,GTBank,058,22465143136,current
A81_1,13886492617,Union Bank,032,61402525247,savings
A81_2,13886492617,Zenith Bank,057,66395202624,savings
A81_3,13886492617,First Bank,011,06693128395,savings
A82_1,94501957093,UBA,033,92023999923,current
A82_2,94501957093,Access Bank,044,60396622199,current
A82_3,94501957093,Access Bank,044,41656216894,savings
A82_4,94501957093,Union Bank,032,65105718103,current
A83_1,93786711109,UBA,033,07184613412,current
A83_2,93786711109,GTBank,058,70247970998,current
A83_3,93786711109,First Bank,011,68847687395,savings
A84_1,54809537556,Union Bank,032,96946051585,current
A84_2,54809537556,Zenith Bank,057,44157242697,savings
A84_3,54809537556,Access Bank,044,07607796150,savings
A84_4,54809537556,GTBank,058,95618174374,savings
A84_5,54809537556,Access Bank,044,11262485082,current
A85_1,44608268210,UBA,033,29041666571,current
A85_2,44608268210,Zenith Bank,057,73073887804,savings
A86_1,62556617694,UBA,033,15564167900,savings
A86_2,62556617694,Access Bank,044,72640382662,savings
A86_3,62556617694,Polaris Bank,076,35306376013,current
A86_4,62556617694,Union Bank,032,94401148848,savings
A86_5,62556617694,Access Bank,044,82735267839,current
A87_1,83351611738,Polaris Bank,076,49231779404,savings
A87_2,83351611738,GTBank,058,19757188961,savings
A88_1,47509650405,UBA,033,57621195155,current
A88_2,47509650405,GTBank,058,17220634146,savings
A88_3,47509650405,GTBank,058,30378664331,savings
A88_4,47509650405,Access Bank,044,97418944674,savings
A89_1,91823193834,Polaris Bank,076,18736754465,current
A89_2,91823193834,GTBank,058,33857475260,current
A89_3,91823193834,Zenith Bank,057,15304345658,current
A89_4,91823193834,UBA,033,46088960115,current
A89_5,91823193834,First Bank,011,64282769979,savings
A90_1,56588099059,UBA,033,56413981961,savings
A90_2,56588099059,Access Bank,044,61869118886,current
A90_3,56588099059,Access Bank,044,64483240477,current
A90_4,56588099059,Access Bank,044,45395714617,current
A90_5,56588099059,Access Bank,044,40804790673,savings
A91_1,95049533921,First Bank,011,98620582128,savings
A91_2,95049533921,Polaris Bank,076,76976317215,savings
A91_3,95049533921,GTBank,058,30191497246,savings
A91_4,95049533921,First Bank,011,58028044499,savings
A92_1,37418094696,UBA,033,25462675693,savings
A92_2,37418094696,UBA,033,68001422100,savings
A92_3,37418094696,GTBank,058,96718168598,savings
A92_4,37418094696,GTBank,058,24969249731,savings
A92_5,37418094696,Zenith Bank,057,20392810923,current
A93_1,15461420077,Union Bank,032,27955944877,savings
A93_2,15461420077,UBA,033,09845936469,savings
A94_1,38387225962,First Bank,011,75405358490,savings
A94_2,38387225962,UBA,033,37426598572,savings
A94_3,38387225962,Zenith Bank,057,01649071103,savings
A94_4,38387225962,First Bank,011,41581472848,current
A94_5,38387225962,GTBank,058,39518775311,current
A95_1,13125176318,UBA,033,26741124216,savings
A95_2,13125176318,UBA,033,76083451996,savings
A96_1,46201189419,Polaris Bank,076,70791741875,current
A96_2,46201189419,Access Bank,044,47821224180,current
A96_3,46201189419,Zenith Bank,057,04261341323,savings
A97_1,60184138676,First Bank,011,95827723585,savings
A97_2,60184138676,Zenith Bank,057,98409754386,savings
A97_3,60184138676,Polaris Bank,076,42507912604,current
A98_1,14559417186,Access Bank,044,52766526639,current
A98_2,14559417186,UBA,033,81363150729,savings
A99_1,56778777385,Access Bank,044,76526798908,current
A99_2,56778777385,Polaris Bank,076,03190111129,savings
A99_3,56778777385,Polaris Bank,076,29513462082,current
A99_4,56778777385,First Bank,011,43635684317,savings
A100_1,72328129615,GTBank,058,12150333513,savings
A100_2,72328129615,First Bank,011,44143079374,current
A100_3,72328129615,Access Bank,044,97967793140,savings
A101_1,34840065292,UBA,033,65063743033,current
A101_2,34840065292,Union Bank,032,80749828948,savings
A101_3,34840065292,Union Bank,032,85139539530,current
A101_4,34840065292,Access Bank,044,45771135088,current
A101_5,34840065292,Polaris Bank,076,47271366162,savings
A102_1,46212907558,Access Bank,044,02514630369,savings
A102_2,46212907558,Zenith Bank,057,25957107588,current
A103_1,26353112749,Zenith Bank,057,69877849110,current
A103_2,26353112749,Zenith Bank,057,33885737082,savings
A103_3,26353112749,Polaris Bank,076,63294710441,savings
A104_1,75012067792,GTBank,058,25387650875,savings
A104_2,75012067792,Zenith Bank,057,91707998461,savings
A105_1,13322191117,First Bank,011,34768249488,current
A105_2,13322191117,Polaris Bank,076,93066356136,savings
A106_1,78131284244,Zenith Bank,057,69951414290,savings
A106_2,78131284244,Zenith Bank,057,84016336765,current
A106_3,78131284244,Union Bank,032,72642385904,savings
A106_4,78131284244,Access Bank,044,33340583741,current
A107_1,41666548534,First Bank,011,85763494022,current
A107_2,41666548534,UBA,033,59033034859,current
A107_3,41666548534,First Bank,011,04035304624,current
A107_4,41666548534,Access Bank,044,12926908222,current
A108_1,86975525543,Polaris Bank,076,64710785297,current
A108_2,86975525543,Polaris Bank,076,26889970242,current
A108_3,86975525543,GTBank,058,84896822162,savings
A108_4,86975525543,Access Bank,044,11284546011,current
A109_1,72560770832,Union Bank,032,95899282183,current
A109_2,72560770832,Zenith Bank,057,87921224805,savings
A109_3,72560770832,First Bank,011,34698937809,savings
A109_4,72560770832,First Bank,011,86967253938,savings
A109_5,72560770832,Zenith Bank,057,52409993972,savings
A110_1,96874088944,UBA,033,68740066714,current
A110_2,96874088944,Polaris Bank,076,30159878673,current
A110_3,96874088944,Access Bank,044,81153203338,savings
A111_1,00562042806,GTBank,058,79842298273,current
A111_2,00562042806,Polaris Bank,076,86926441226,savings
A111_3,00562042806,First Bank,011,36401366777,current
A111_4,00562042806,Polaris Bank,076,05094366878,savings
A112_1,26333955259,First Bank,011,87928672383,current
A112_2,26333955259,First Bank,011,71867012027,current
A112_3,26333955259,First Bank,011,18449541713,savings
A112_4,26333955259,First Bank,011,81152855955,current
A112_5,26333955259,Union Bank,032,92403291391,current
A113_1,10864950969,GTBank,058,30093319808,savings
A113_2,10864950969,First Bank,011,34691287996,current
A113_3,10864950969,UBA,033,68548454786,current
A114_1,60596679560,Access Bank,044,45595544783,savings
A114_2,60596679560,Union Bank,032,70747804737,current
A114_3,60596679560,UBA,033,62981176815,savings
A114_4,60596679560,Access Bank,044,30644677386,current
A114_5,60596679560,GTBank,058,80118610412,savings
A115_1,07141974404,First Bank,011,87552445668,current
A115_2,07141974404,First Bank,011,20055268166,current
A115_3,07141974404,UBA,033,60213229368,current
A115_4,07141974404,UBA,033,12798677786,current
A115_5,07141974404,Union Bank,032,60411479425,savings
A116_1,32618583125,Zenith Bank,057,88861097979,savings
A116_2,32618583125,Polaris Bank,076,80168912457,savings
A117_1,13812970842,Access Bank,044,28444873010,savings
A117_2,13812970842,UBA,033,03910766906,current
A117_3,13812970842,GTBank,058,48787338961,current
A117_4,13812970842,Zenith Bank,057,42576687413,savings
A117_5,13812970842,Access Bank,044,53785525336,savings
A118_1,07527791036,Polaris Bank,076,03275796822,savings
A118_2,07527791036,UBA,033,75235830780,savings
A119_1,41206457856,Zenith Bank,057,78124793964,savings
A119_2,41206457856,GTBank,058,32513320174,current
A119_3,41206457856,First Bank,011,82841384559,current
A119_4,41206457856,UBA,033,47675444837,current
A119_5,41206457856,First Bank,011,39306420106,current
A120_1,51516505148,GTBank,058,88505354931,savings
A120_2,51516505148,GTBank,058,83210112034,savings
A121_1,09172018298,Polaris Bank,076,10444428296,savings
A121_2,09172018298,Zenith Bank,057,76154857151,savings
A121_3,09172018298,Access Bank,044,54940482909,current
A122_1,22698282150,Union Bank,032,89697263293,savings
A122_2,22698282150,GTBank,058,60496487757,savings
A122_3,22698282150,Polaris Bank,076,58841936388,savings
A122_4,22698282150,Zenith Bank,057,13107767186,savings
A123_1,24329721838,UBA,033,50102525716,current
A123_2,24329721838,Polaris Bank,076,68046683841,current
A123_3,24329721838,UBA,033,45070953338,savings
A124_1,92699130604,GTBank,058,85205404199,current
A124_2,92699130604,Polaris Bank,076,38019436065,current
A124_3,92699130604,Union Bank,032,84648764446,savings
A124_4,92699130604,Zenith Bank,057,39743115071,savings
A125_1,62474270349,GTBank,058,30560588412,savings
A125_2,62474270349,Access Bank,044,73669535964,savings
A125_3,62474270349,Access Bank,044,18949664247,current
A126_1,83480035146,GTBank,058,22182112181,savings
A126_2,83480035146,GTBank,058,32433157647,savings
A127_1,19713359206,Access Bank,044,88982046057,current
A127_2,19713359206,First Bank,011,44336742495,savings
A127_3,19713359206,Zenith Bank,057,28422431820,savings
A128_1,25205344342,UBA,033,56790002133,current
A128_2,25205344342,Access Bank,044,16187527239,current
A128_3,25205344342,First Bank,011,87069982722,current
A128_4,25205344342,Zenith Bank,057,74731762453,savings
A129_1,37463247762,Union Bank,032,93666892351,savings
A129_2,37463247762,GTBank,058,39631618601,current
A130_1,22600518411,Access Bank,044,28386153274,savings
A130_2,22600518411,Union Bank,032,01038598457,current
A131_1,69387388416,UBA,033,08185607994,savings
A131_2,69387388416,First Bank,011,90173425406,current
A131_3,69387388416,UBA,033,37830193740,savings
A132_1,74421861171,Access Bank,044,68867833007,savings
A132_2,74421861171,GTBank,058,93204931628,savings
A132_3,74421861171,First Bank,011,70583669342,savings
A132_4,74421861171,UBA,033,31433408630,savings
A132_5,74421861171,GTBank,058,47497795203,current
A133_1,69636838436,Polaris Bank,076,07124201423,savings
A133_2,69636838436,UBA,033,27948137074,current
A133_3,69636838436,First Bank,011,72732099862,current
A134_1,51604909911,Access Bank,044,11463592849,current
A134_2,51604909911,Polaris Bank,076,31457787038,current
A135_1,51724436014,Polaris Bank,076,34654093514,current
A135_2,51724436014,Union Bank,032,77376303424,current
A135_3,51724436014,Union Bank,032,66662462698,savings
A135_4,51724436014,Union Bank,032,10737909814,current
A136_1,55857798157,Union Bank,032,98006567137,savings
A136_2,55857798157,Access Bank,044,45152278198,current
A136_3,55857798157,Access Bank,044,66812323546,savings
A137_1,02967027359,UBA,033,32336988084,savings
A137_2,02967027359,Access Bank,044,01597246856,savings
A137_3,02967027359,UBA,033,99803083464,savings
A137_4,02967027359,Access Bank,044,39946613678,savings
A138_1,17365814162,Polaris Bank,076,19972248115,current
A138_2,17365814162,Zenith Bank,057,06897663773,current
A139_1,82100797138,UBA,033,34779165108,current
A139_2,82100797138,GTBank,058,19844616875,current
A140_1,56285622908,UBA,033,14396895369,current
A140_2,56285622908,First Bank,011,35261831758,current
A140_3,56285622908,Union Bank,032,41162127707,savings
A141_1,69194890910,Union Bank,032,46963676786,current
A141_2,69194890910,UBA,033,64011692594,savings
A141_3,69194890910,Access Bank,044,71464500971,savings
A141_4,69194890910,First Bank,011,38750858672,savings
A141_5,69194890910,GTBank,058,15158112158,savings
A142_1,01291962099,UBA,033,93520821289,savings
A142_2,01291962099,UBA,033,52745261496,savings
A142_3,01291962099,Polaris Bank,076,50796136864,savings
A143_1,37392256430,GTBank,058,29715858035,current
A143_2,37392256430,First Bank,011,56819337955,current
A143_3,37392256430,Union Bank,032,41051137079,savings
A144_1,64443429579,Access Bank,044,79107548945,savings
A144_2,64443429579,Access Bank,044,45986469777,current
A144_3,64443429579,First Bank,011,27988566968,savings
A144_4,64443429579,First Bank,011,13130419368,savings
A145_1,24206399958,First Bank,011,37404158490,current
A145_2,24206399958,Polaris Bank,076,23241814813,current
A145_3,24206399958,Access Bank,044,08712143069,current
A145_4,24206399958,First Bank,011,14461773778,savings
A146_1,11015726397,First Bank,011,21276447176,savings
A146_2,11015726397,Polaris Bank,076,95621099460,savings
A146_3,11015726397,UBA,033,35792404013,current
A146_4,11015726397,Zenith Bank,057,72810632264,current
A146_5,11015726397,GTBank,058,93300583737,current
A147_1,22501660988,First Bank,011,37927015288,current
A147_2,22501660988,Polaris Bank,076,84790495056,savings
A148_1,29091845504,Access Bank,044,68747532751,savings
A148_2,29091845504,GTBank,058,52692180992,savings
A148_3,29091845504,GTBank,058,03630757463,savings
A148_4,29091845504,GTBank,058,60372206895,current
A148_5,29091845504,GTBank,058,92662432683,current
A149_1,27390118147,Union Bank,032,11446471700,current
A149_2,27390118147,Zenith Bank,057,08760201609,savings
A149_3,27390118147,UBA,033,58801788342,current
A150_1,61812581904,UBA,033,29203390014,current
A150_2,61812581904,Zenith Bank,057,56163831969,savings
A150_3,61812581904,Union Bank,032,78971147981,current
A150_4,61812581904,Polaris Bank,076,92091334647,current
A150_5,61812581904,Union Bank,032,19935545207,savings
A151_1,72090599038,Zenith Bank,057,42271617640,savings
A151_2,72090599038,Polaris Bank,076,60880300581,savings
A151_3,72090599038,Union Bank,032,41594746010,savings
A152_1,61134947253,Polaris Bank,076,12621758843,current
A152_2,61134947253,Union Bank,032,81861106802,savings
A153_1,05735602955,First Bank,011,95333163855,savings
A153_2,05735602955,Access Bank,044,07480160692,savings
A153_3,05735602955,Union Bank,032,86719576937,current
A153_4,05735602955,Zenith Bank,057,26907629695,current
A154_1,00738784412,First Bank,011,42861150848,savings
A154_2,00738784412,GTBank,058,45630448909,savings
A154_3,00738784412,Zenith Bank,057,72808213034,savings
A154_4,00738784412,GTBank,058,34581119344,savings
A155_1,39474201463,Zenith Bank,057,07421120844,savings
A155_2,39474201463,Union Bank,032,62809371344,savings
A155_3,39474201463,GTBank,058,94958581751,current
A155_4,39474201463,GTBank,058,08943762799,savings
A156_1,66507167622,Access Bank,044,33814943849,current
A156_2,66507167622,Access Bank,044,11415538642,savings
A157_1,98166447904,GTBank,058,14199487703,savings
A157_2,98166447904,Polaris Bank,076,52639960900,current
A157_3,98166447904,Access Bank,044,85731545363,savings
A158_1,85169195408,Zenith Bank,057,00716595079,current
A158_2,85169195408,GTBank,058,16218783200,savings
A158_3,85169195408,Access Bank,044,66514512804,current
A158_4,85169195408,First Bank,011,92174462486,current
A159_1,81015609946,Union Bank,032,51812327924,savings
A159_2,81015609946,GTBank,058,35274531168,current
A159_3,81015609946,First Bank,011,91751274452,current
A159_4,81015609946,First Bank,011,66453601055,current
A160_1,68953184122,First Bank,011,47853651268,savings
A160_2,68953184122,Access Bank,044,56648104021,current
A160_3,68953184122,First Bank,011,13352689928,current
A160_4,68953184122,Access Bank,044,05530484333,savings
A161_1,53636489136,First Bank,011,87207885060,savings
A161_2,53636489136,Union Bank,032,19036821141,savings
A162_1,78944155693,Zenith Bank,057,26860426434,current
A162_2,78944155693,UBA,033,25587341592,current
A162_3,78944155693,Access Bank,044,34624046951,current
A162_4,78944155693,Zenith Bank,057,87281064290,current
A163_1,23434303911,Polaris Bank,076,18525286432,current
A163_2,23434303911,First Bank,011,41267201967,savings
A163_3,23434303911,First Bank,011,16134964098,savings
A163_4,23434303911,GTBank,058,68595421859,savings
A163_5,23434303911,First Bank,011,51103747924,current
A164_1,48335688425,Zenith Bank,057,79371969868,current
A164_2,48335688425,UBA,033,98193359215,current
A164_3,48335688425,First Bank,011,81757310916,current
A164_4,48335688425,Polaris Bank,076,66327002503,current
A164_5,48335688425,GTBank,058,38018759597,savings
A165_1,91502438649,GTBank,058,17241329417,current
A165_2,91502438649,Polaris Bank,076,05656334949,savings
A165_3,91502438649,Union Bank,032,94763251552,current
A165_4,91502438649,Zenith Bank,057,16475802915,current
A166_1,56815577559,UBA,033,62018521053,savings
A166_2,56815577559,Zenith Bank,057,24128264611,savings
A166_3,56815577559,Union Bank,032,18617542694,current
A166_4,56815577559,Zenith Bank,057,36144045036,current
A167_1,09947293853,GTBank,058,65481769084,current
A167_2,09947293853,GTBank,058,61756265558,savings
A168_1,08101947987,Zenith Bank,057,80768936395,savings
A168_2,08101947987,Access Bank,044,14627457009,savings
A168_3,08101947987,First Bank,011,28834501796,current
A168_4,08101947987,UBA,033,12853888468,savings
A168_5,08101947987,First Bank,011,15140508283,current
A169_1,08905895306,UBA,033,80283790485,savings
A169_2,08905895306,First Bank,011,30479841714,savings
A169_3,08905895306,Access Bank,044,64389007858,savings
A169_4,08905895306,GTBank,058,50764414893,savings
A170_1,39200478508,First Bank,011,10362264102,savings
A170_2,39200478508,First Bank,011,47392797265,current
A171_1,35134940985,Access Bank,044,19664140238,savings
A171_2,35134940985,Zenith Bank,057,08303423656,savings
A172_1,53068998573,Zenith Bank,057,99295477294,savings
A172_2,53068998573,Union Bank,032,10790253363,current
A172_3,53068998573,Zenith Bank,057,78615321444,current
A172_4,53068998573,Zenith Bank,057,48209263017,current
A172_5,53068998573,Polaris Bank,076,24218626154,current
A173_1,07072268376,First Bank,011,60420639839,current
A173_2,07072268376,First Bank,011,61099068575,current
A173_3,07072268376,GTBank,058,93561769995,current
A173_4,07072268376,Polaris Bank,076,51876653159,current
A173_5,07072268376,Zenith Bank,057,27347127833,savings
A174_1,96644581574,Zenith Bank,057,51481141477,current
A174_2,96644581574,Access Bank,044,71046918993,current
A174_3,96644581574,First Bank,011,62238361709,current
A174_4,96644581574,Access Bank,044,96747777585,savings
A175_1,85363455902,GTBank,058,98742833124,savings
A175_2,85363455902,Access Bank,044,82997961287,savings
A175_3,85363455902,Zenith Bank,057,50851483294,current
A175_4,85363455902,Union Bank,032,58217844289,savings
A175_5,85363455902,First Bank,011,98720134760,current
A176_1,80175158696,UBA,033,87218987005,savings
A176_2,80175158696,GTBank,058,70666235988,current
A176_3,80175158696,GTBank,058,64655229874,current
A177_1,36143167748,First Bank,011,84536484204,savings
A177_2,36143167748,GTBank,058,38345126963,savings
A177_3,36143167748,GTBank,058,90373370025,savings
A178_1,83721345208,Zenith Bank,057,60783488805,current
A178_2,83721345208,First Bank,011,07590538874,savings
A178_3,83721345208,GTBank,058,34095342422,savings
A178_4,83721345208,First Bank,011,39797745074,current
A178_5,83721345208,UBA,033,56389018421,current
A179_1,58704478065,Zenith Bank,057,36375890163,savings
A179_2,58704478065,Zenith Bank,057,17149041847,current
A179_3,58704478065,Polaris Bank,076,32429656361,savings
A180_1,89364237991,GTBank,058,10406506830,savings
A180_2,89364237991,Polaris Bank,076,28853642560,savings
A180_3,89364237991,Union Bank,032,12151563586,current
A180_4,89364237991,First Bank,011,20229614009,savings
A180_5,89364237991,UBA,033,54635153343,current
A181_1,58899878547,UBA,033,34689139913,savings
A181_2,58899878547,GTBank,058,03032960240,current
A181_3,58899878547,Union Bank,032,20507464176,savings
A181_4,58899878547,Zenith Bank,057,00817814806,savings
A181_5,58899878547,Zenith Bank,057,38286736881,current
A182_1,59486085704,GTBank,058,33565410715,savings
A182_2,59486085704,Zenith Bank,057,77230728691,savings
A182_3,59486085704,Zenith Bank,057,33225482192,current
A182_4,59486085704,First Bank,011,24536468083,savings
A182_5,59486085704,GTBank,058,94662395725,savings
A183_1,24016115335,GTBank,058,39131574656,current
A183_2,24016115335,Polaris Bank,076,42764409299,savings
A184_1,47940598991,Zenith Bank,057,13346213184,savings
A184_2,47940598991,First Bank,011,15701053243,current
A184_3,47940598991,First Bank,011,77017178874,current
A184_4,47940598991,Zenith Bank,057,53690812350,current
A185_1,96112436423,GTBank,058,37648115606,current
A185_2,96112436423,Access Bank,044,40471895778,current
A185_3,96112436423,Polaris Bank,076,11478009725,current
A185_4,96112436423,First Bank,011,44084053467,savings
A185_5,96112436423,Zenith Bank,057,51303653072,savings
A186_1,51148346999,First Bank,011,19683909740,current
A186_2,51148346999,Access Bank,044,77099759657,savings
A187_1,34747726696,Zenith Bank,057,24760272676,current
A187_2,34747726696,UBA,033,56339033447,savings
A188_1,51346504907,Polaris Bank,076,65477279353,savings
A188_2,51346504907,Polaris Bank,076,02951177447,current
A188_3,51346504907,GTBank,058,92766666552,current
A188_4,51346504907,UBA,033,44849125341,savings
A189_1,36946616957,UBA,033,35194724711,savings
A189_2,36946616957,Union Bank,032,82426979516,current
A189_3,36946616957,First Bank,011,89270764543,current
A189_4,36946616957,UBA,033,98576974808,savings
A189_5,36946616957,Zenith Bank,057,37564112871,savings
A190_1,36124236477,Access Bank,044,15085737537,current
A190_2,36124236477,Polaris Bank,076,18168228510,current
A190_3,36124236477,GTBank,058,77946131833,current
A190_4,36124236477,GTBank,058,68443602216,savings
A190_5,36124236477,First Bank,011,63499887522,savings
A191_1,30305578905,UBA,033,64065018095,savings
A191_2,30305578905,UBA,033,22740807044,current
A191_3,30305578905,GTBank,058,15245581871,current
A192_1,92426342625,UBA,033,08541760836,savings
A192_2,92426342625,First Bank,011,11233746926,current
A192_3,92426342625,Zenith Bank,057,17786199677,current
A192_4,92426342625,GTBank,058,22983378335,current
A193_1,09046142826,Access Bank,044,76420179599,current
A193_2,09046142826,Access Bank,044,69426316239,savings
A193_3,09046142826,Polaris Bank,076,48097885554,current
A193_4,09046142826,Zenith Bank,057,57252070773,current
A194_1,94814436727,Access Bank,044,93599835230,savings
A194_2,94814436727,Zenith Bank,057,59757809697,current
A194_3,94814436727,Zenith Bank,057,84891315477,current
A194_4,94814436727,Zenith Bank,057,84263031857,current
A194_5,94814436727,First Bank,011,62898751131,savings
A195_1,75933223429,First Bank,011,20417519555,savings
A195_2,75933223429,Union Bank,032,71467319732,savings
A195_3,75933223429,First Bank,011,90349133096,savings
A195_4,75933223429,Union Bank,032,90634926312,savings
A195_5,75933223429,Zenith Bank,057,11670886341,savings
A196_1,15186397024,Access Bank,044,08903551080,savings
A196_2,15186397024,Union Bank,032,14985166349,savings
A197_1,35960485158,GTBank,058,37455928331,savings
A197_2,35960485158,UBA,033,77679068230,current
A197_3,35960485158,GTBank,058,43685426512,current
A197_4,35960485158,GTBank,058,38284566350,current
A197_5,35960485158,Zenith Bank,057,40509817134,savings
A198_1,99188516717,Zenith Bank,057,29531166871,current
A198_2,99188516717,Access Bank,044,82992998419,savings
A199_1,07627507141,UBA,033,80928179146,current
A199_2,07627507141,Access Bank,044,01316462174,savings
A199_3,07627507141,GTBank,058,87789082641,current
A200_1,72196538689,Union Bank,032,23074524298,current
A200_2,72196538689,UBA,033,58359365795,savings
A200_3,72196538689,Access Bank,044,92576870644,savings
A200_4,72196538689,UBA,033,98676050909,savings
A201_1,78283924049,Zenith Bank,057,40358933904,current
A201_2,78283924049,Zenith Bank,057,67284343110,savings
A201_3,78283924049,Zenith Bank,057,59757536105,current
A201_4,78283924049,GTBank,058,81331387876,savings
A202_1,32821902628,Access Bank,044,84459115359,current
A202_2,32821902628,Union Bank,032,77982399339,savings
A203_1,38775099751,Zenith Bank,057,45064491550,current
A203_2,38775099751,UBA,033,47039228054,savings
A203_3,38775099751,Polaris Bank,076,92456358915,current
A203_4,38775099751,Union Bank,032,89075700411,savings
A204_1,80973047683,Access Bank,044,42022360402,savings
A204_2,80973047683,GTBank,058,90319503095,savings
A205_1,91612389558,First Bank,011,83231594699,current
A205_2,91612389558,First Bank,011,95341533281,current
A205_3,91612389558,Polaris Bank,076,00948675806,current
A205_4,91612389558,Union Bank,032,76217264344,current
A205_5,91612389558,Union Bank,032,56397765093,savings
A206_1,67503190887,Union Bank,032,98702260926,current
A206_2,67503190887,First Bank,011,02889983801,savings
A207_1,62967939694,Zenith Bank,057,06071601170,current
A207_2,62967939694,GTBank,058,17976228273,savings
A207_3,62967939694,Zenith Bank,057,95419412817,savings
A207_4,62967939694,GTBank,058,26415097123,savings
A208_1,93993263120,First Bank,011,15310507730,savings
A208_2,93993263120,Polaris Bank,076,60003587050,current
A208_3,93993263120,Zenith Bank,057,96264766394,savings
A208_4,93993263120,UBA,033,48227932174,current
A208_5,93993263120,Access Bank,044,14752483944,current
A209_1,43333722118,Polaris Bank,076,11638760251,current
A209_2,43333722118,Zenith Bank,057,94902519676,savings
A209_3,43333722118,Access Bank,044,13277467560,savings
A209_4,43333722118,UBA,033,70080839212,savings
A209_5,43333722118,GTBank,058,39584721591,current
A210_1,19456628219,Polaris Bank,076,34540463303,savings
A210_2,19456628219,Polaris Bank,076,13319769379,savings
A210_3,19456628219,Zenith Bank,057,39465932599,savings
A210_4,19456628219,UBA,033,49023440774,savings
A210_5,19456628219,Union Bank,032,30890531436,current
A211_1,63887439754,Union Bank,032,72105200773,savings
A211_2,63887439754,Union Bank,032,16848711717,savings
A211_3,63887439754,First Bank,011,17046273618,current
A211_4,63887439754,First Bank,011,61268010111,savings
A212_1,67013916565,Zenith Bank,057,27003768077,savings
A212_2,67013916565,Polaris Bank,076,96379669573,current
A212_3,67013916565,UBA,033,74473915034,current
A212_4,67013916565,Union Bank,032,37948417398,current
A213_1,38134891920,First Bank,011,95247491909,savings
A213_2,38134891920,Access Bank,044,97615424963,current
A213_3,38134891920,Access Bank,044,64112788390,current
A214_1,32969969423,Zenith Bank,057,68258383135,current
A214_2,32969969423,UBA,033,68924772180,savings
A214_3,32969969423,Union Bank,032,20365794382,savings
A214_4,32969969423,UBA,033,95177172748,savings
A215_1,22206437943,First Bank,011,41191853375,current
A215_2,22206437943,GTBank,058,63380255807,savings
A215_3,22206437943,GTBank,058,49111703303,savings
A215_4,22206437943,UBA,033,45563188419,current
A216_1,20606640799,Zenith Bank,057,66505250753,savings
A216_2,20606640799,UBA,033,31066233872,savings
A216_3,20606640799,First Bank,011,32120665410,savings
A216_4,20606640799,Zenith Bank,057,78257868830,savings
A216_5,20606640799,Polaris Bank,076,58253213477,current
A217_1,96145298268,Union Bank,032,10214804078,current
A217_2,96145298268,Access Bank,044,14999169789,savings
A217_3,96145298268,Access Bank,044,00285527471,savings
A217_4,96145298268,Polaris Bank,076,33044108698,current
A218_1,72269168905,Zenith Bank,057,38539753645,current
A218_2,72269168905,Zenith Bank,057,43287453468,current
A218_3,72269168905,Zenith Bank,057,96456839913,savings
A218_4,72269168905,Access Bank,044,85978388955,savings
A218_5,72269168905,First Bank,011,25976743839,current
A219_1,23471648810,Union Bank,032,73269102286,savings
A219_2,23471648810,UBA,033,29434633245,current
A219_3,23471648810,Access Bank,044,65694324777,current
A220_1,66394004945,Access Bank,044,57460656050,savings
A220_2,66394004945,Access Bank,044,46396056492,savings
A220_3,66394004945,UBA,033,06469042376,savings
A220_4,66394004945,Polaris Bank,076,70136824791,savings
A220_5,66394004945,Access Bank,044,19604747835,current
A221_1,42540293499,Polaris Bank,076,49320714521,savings
A221_2,42540293499,UBA,033,73350525383,savings
A222_1,88144036581,Polaris Bank,076,01646984703,current
A222_2,88144036581,Union Bank,032,06936871678,savings
A223_1,25405457770,Access Bank,044,95386696654,savings
A223_2,25405457770,Polaris Bank,076,69560698529,current
A223_3,25405457770,Access Bank,044,95338542467,savings
A223_4,25405457770,Access Bank,044,86167524517,current
A224_1,62781642425,GTBank,058,89019949525,savings
A224_2,62781642425,Union Bank,032,29641431179,savings
A225_1,82527962850,GTBank,058,32057193501,current
A225_2,82527962850,GTBank,058,81242689206,current
A225_3,82527962850,UBA,033,55321074736,current
A225_4,82527962850,Zenith Bank,057,07264830534,savings
A225_5,82527962850,Union Bank,032,37663723422,savings
A226_1,38965607053,Union Bank,032,94186588937,savings
A226_2,38965607053,First Bank,011,71652521148,savings
A226_3,38965607053,GTBank,058,23520067991,current
A226_4,38965607053,GTBank,058,98281701811,current
A226_5,38965607053,Access Bank,044,53151731285,savings
A227_1,31482637447,First Bank,011,04763545993,current
A227_2,31482637447,Access Bank,044,75454825326,current
A228_1,32047277457,First Bank,011,23732192161,current
A228_2,32047277457,Union Bank,032,04364535498,current
A228_3,32047277457,Union Bank,032,03350175056,current
A229_1,04746205144,Union Bank,032,83776171622,savings
A229_2,04746205144,GTBank,058,39154815290,savings
A230_1,10772916168,Union Bank,032,36568568728,current
A230_2,10772916168,GTBank,058,43547493811,savings
A230_3,10772916168,Polaris Bank,076,82941053743,savings
A230_4,10772916168,Union Bank,032,26967904449,current
A230_5,10772916168,Zenith Bank,057,91284954826,savings
A231_1,35581071489,Polaris Bank,076,28696601309,savings
A231_2,35581071489,First Bank,011,96811391565,current
A232_1,14817542233,Access Bank,044,82933211051,savings
A232_2,14817542233,Polaris Bank,076,91723324496,current
A232_3,14817542233,Access Bank,044,92401100821,current
A232_4,14817542233,UBA,033,49784877697,savings
A232_5,14817542233,Access Bank,044,07944918269,savings
A233_1,74767830485,Polaris Bank,076,64984755703,current
A233_2,74767830485,Union Bank,032,59084485982,current
A233_3,74767830485,Union Bank,032,36029225094,current
A233_4,74767830485,UBA,033,00085890877,current
A234_1,76455578937,First Bank,011,72664921093,savings
A234_2,76455578937,UBA,033,01199077217,current
A234_3,76455578937,Union Bank,032,17741620733,savings
A234_4,76455578937,First Bank,011,52098700118,savings
A234_5,76455578937,First Bank,011,49608748741,current
A235_1,77092694736,First Bank,011,96489808551,savings
A235_2,77092694736,Access Bank,044,45571876254,savings
A235_3,77092694736,Union Bank,032,80391231340,current
A236_1,03209378968,Zenith Bank,057,50037790798,current
A236_2,03209378968,Access Bank,044,96149380371,savings
A236_3,03209378968,First Bank,011,95144352557,savings
A236_4,03209378968,UBA,033,31971847178,savings
A237_1,90527715026,Access Bank,044,22814649412,savings
A237_2,90527715026,UBA,033,58592722003,savings
A237_3,90527715026,Union Bank,032,21021643416,savings
A238_1,83466426238,Union Bank,032,78752122174,savings
A238_2,83466426238,Polaris Bank,076,53646243129,savings
A238_3,83466426238,GTBank,058,76395612320,current
A238_4,83466426238,Polaris Bank,076,70582287656,savings
A238_5,83466426238,GTBank,058,69093655011,current
A239_1,74621486504,Access Bank,044,45618282490,current
A239_2,74621486504,Zenith Bank,057,72230051254,savings
A239_3,74621486504,Polaris Bank,076,09602579242,savings
A239_4,74621486504,Polaris Bank,076,66088243059,current
A240_1,06975179561,Zenith Bank,057,21462119268,current
A240_2,06975179561,GTBank,058,84681310184,savings
A241_1,72112825569,Zenith Bank,057,24184369781,current
A241_2,72112825569,UBA,033,35981692791,current
A241_3,72112825569,UBA,033,36780187208,savings
A242_1,25352311482,UBA,033,57312807776,savings
A242_2,25352311482,First Bank,011,01760648486,savings
A242_3,25352311482,Zenith Bank,057,77679367522,savings
A243_1,08654490175,First Bank,011,22333554521,current
A243_2,08654490175,Polaris Bank,076,59303157504,current
A243_3,08654490175,First Bank,011,24856706699,savings
A243_4,08654490175,UBA,033,10898258972,current
A243_5,08654490175,First Bank,011,96548217163,savings
A244_1,10662156741,Zenith Bank,057,92403961932,savings
A244_2,10662156741,Zenith Bank,057,17735118764,current
A244_3,10662156741,Polaris Bank,076,42258597735,savings
A244_4,10662156741,First Bank,011,82716663269,current
A245_1,29273823732,Polaris Bank,076,15612432887,savings
A245_2,29273823732,Zenith Bank,057,96573345458,savings
A245_3,29273823732,Zenith Bank,057,01890171159,savings
A245_4,29273823732,Polaris Bank,076,63647859998,savings
A245_5,29273823732,UBA,033,36380688651,current
A246_1,23485741796,GTBank,058,77159030729,current
A246_2,23485741796,Access Bank,044,47061170019,savings
A246_3,23485741796,First Bank,011,33687360929,savings
A246_4,23485741796,GTBank,058,23045416476,savings
A246_5,23485741796,First Bank,011,69829135797,current
A247_1,24658102370,UBA,033,35782109951,current
A247_2,24658102370,First Bank,011,75372566769,current
A248_1,05175651527,Union Bank,032,82774590605,savings
A248_2,05175651527,First Bank,011,31790473975,savings
A248_3,05175651527,Zenith Bank,057,36968565082,savings
A249_1,89811663581,Polaris Bank,076,33408044661,savings
A249_2,89811663581,GTBank,058,83391873157,current
A249_3,89811663581,Zenith Bank,057,60094208438,savings
A250_1,91932016880,First Bank,011,04161544172,current
A250_2,91932016880,UBA,033,28453098774,savings
A250_3,91932016880,First Bank,011,53508789995,savings
A250_4,91932016880,Zenith Bank,057,72355012299,current
A251_1,39294494299,First Bank,011,25614531206,current
A251_2,39294494299,First Bank,011,35715082084,current
A251_3,39294494299,Zenith Bank,057,92221411476,savings
A252_1,90868858115,Zenith Bank,057,24885881630,savings
A252_2,90868858115,Polaris Bank,076,54747564914,savings
A252_3,90868858115,Zenith Bank,057,49247173050,savings
A252_4,90868858115,UBA,033,16319660399,current
A253_1,41069053345,GTBank,058,89198796284,current
A253_2,41069053345,UBA,033,52183756624,current
A253_3,41069053345,Polaris Bank,076,97060925445,savings
A253_4,41069053345,Zenith Bank,057,06279069453,savings
A254_1,85448815190,Access Bank,044,62020839366,savings
A254_2,85448815190,GTBank,058,01257332935,savings
A255_1,18612967878,Access Bank,044,06353949315,current
A255_2,18612967878,GTBank,058,92636618917,current
A256_1,39423836772,UBA,033,59144057520,current
A256_2,39423836772,First Bank,011,23343317388,current
A256_3,39423836772,UBA,033,79074306918,savings
A256_4,39423836772,Polaris Bank,076,27071359655,savings
A257_1,70325574895,Union Bank,032,52817598267,current
A257_2,70325574895,UBA,033,97376119998,current
A257_3,70325574895,Access Bank,044,90900136580,savings
A257_4,70325574895,Zenith Bank,057,18887800302,current
A258_1,51138535944,Polaris Bank,076,10357132958,savings
A258_2,51138535944,UBA,033,78118168666,savings
A258_3,51138535944,Polaris Bank,076,30022174014,savings
A258_4,51138535944,Union Bank,032,61134295211,savings
A258_5,51138535944,UBA,033,36576485735,savings
A259_1,79614247255,GTBank,058,24114380351,savings
A259_2,79614247255,Union Bank,032,33978539217,current
A259_3,79614247255,Union Bank,032,78282952287,savings
A260_1,14884110029,Polaris Bank,076,55921870737,savings
A260_2,14884110029,Union Bank,032,51825698555,current
A260_3,14884110029,Access Bank,044,66786325979,savings
A261_1,22396885108,First Bank,011,57753034671,savings
A261_2,22396885108,GTBank,058,95906461367,savings
A262_1,21674460670,Union Bank,032,01375429722,savings
A262_2,21674460670,First Bank,011,43564887172,savings
A262_3,21674460670,UBA,033,00535985315,current
A263_1,18573978076,First Bank,011,09124333392,savings
A263_2,18573978076,UBA,033,20711401645,current
A263_3,18573978076,Polaris Bank,076,05079480212,savings
A263_4,18573978076,First Bank,011,32886627221,current
A264_1,94496383046,Union Bank,032,18400017128,current
A264_2,94496383046,GTBank,058,51370155586,current
A264_3,94496383046,Zenith Bank,057,15813005410,savings
A265_1,39829941411,Polaris Bank,076,42010168248,current
A265_2,39829941411,Polaris Bank,076,98841302180,savings
A265_3,39829941411,Access Bank,044,94433577056,savings
A265_4,39829941411,Access Bank,044,90722758567,current
A266_1,53673126056,UBA,033,83524302204,current
A266_2,53673126056,UBA,033,28742655251,current
A266_3,53673126056,GTBank,058,80828891204,savings
A266_4,53673126056,UBA,033,14866662895,savings
A266_5,53673126056,UBA,033,26755874119,savings
A267_1,75699588998,Polaris Bank,076,35954540182,savings
A267_2,75699588998,Union Bank,032,43681152476,savings
A268_1,54821655475,First Bank,011,77430861286,savings
A268_2,54821655475,Access Bank,044,33195866168,current
A268_3,54821655475,UBA,033,72632260430,savings
A268_4,54821655475,GTBank,058,13319526250,savings
A269_1,24620493195,UBA,033,22857737589,savings
A269_2,24620493195,First Bank,011,71278390250,current
A270_1,77939742646,Zenith Bank,057,84789057555,savings
A270_2,77939742646,Access Bank,044,59784500259,savings
A271_1,86969565829,Union Bank,032,03236167606,current
A271_2,86969565829,Access Bank,044,92980144725,current
A271_3,86969565829,Access Bank,044,23471523040,current
A271_4,86969565829,Union Bank,032,82920996298,current
A272_1,44341893844,Zenith Bank,057,64272431673,current
A272_2,44341893844,Union Bank,032,03362066111,current
A272_3,44341893844,GTBank,058,17494631300,savings
A272_4,44341893844,Polaris Bank,076,17039595530,savings
A273_1,15944510583,First Bank,011,41112278346,current
A273_2,15944510583,Zenith Bank,057,85438199116,savings
A273_3,15944510583,Zenith Bank,057,58379064336,current
A273_4,15944510583,Zenith Bank,057,78801199257,current
A273_5,15944510583,UBA,033,66804772267,current
A274_1,11856883058,GTBank,058,13993582832,current
A274_2,11856883058,Zenith Bank,057,08877573429,current
A275_1,31299248253,UBA,033,86251456878,current
A275_2,31299248253,Polaris Bank,076,95787539478,savings
A275_3,31299248253,First Bank,011,24130075732,current
A275_4,31299248253,UBA,033,12524527116,current
A275_5,31299248253,Zenith Bank,057,09182189752,savings
A276_1,18028063419,Zenith Bank,057,30078232957,current
A276_2,18028063419,First Bank,011,27751349360,savings
A276_3,18028063419,Polaris Bank,076,17084138995,current
A276_4,18028063419,Zenith Bank,057,83904832093,current
A276_5,18028063419,GTBank,058,20089228516,current
A277_1,74507745215,UBA,033,56156670084,current
A277_2,74507745215,Zenith Bank,057,40436200479,current
A277_3,74507745215,Polaris Bank,076,86581095098,current
A277_4,74507745215,Polaris Bank,076,99735914207,current
A277_5,74507745215,Polaris Bank,076,26706852659,current
A278_1,21645007987,UBA,033,45051840590,current
A278_2,21645007987,Access Bank,044,27320182895,current
A278_3,21645007987,Zenith Bank,057,88204695124,savings
A278_4,21645007987,First Bank,011,14399734035,savings
A279_1,05968818010,First Bank,011,43092790575,current
A279_2,05968818010,Polaris Bank,076,62675452835,current
A279_3,05968818010,GTBank,058,97479751488,savings
A279_4,05968818010,First Bank,011,27703176460,current
A279_5,05968818010,First Bank,011,28732783940,current
A280_1,94745272251,Access Bank,044,92953089734,current
A280_2,94745272251,Union Bank,032,33321855371,current
A280_3,94745272251,Union Bank,032,63091299453,savings
A281_1,18743616469,Union Bank,032,19793908760,current
A281_2,18743616469,Union Bank,032,12718966266,savings
A281_3,18743616469,UBA,033,40804115037,current
A282_1,69680926237,GTBank,058,02069202602,current
A282_2,69680926237,First Bank,011,86153796303,savings
A283_1,09556349805,Zenith Bank,057,95618218369,savings
A283_2,09556349805,Union Bank,032,03478301304,current
A284_1,31324256657,First Bank,011,00846307595,savings
A284_2,31324256657,Zenith Bank,057,08134760839,current
A285_1,38575351177,Union Bank,032,87813504405,savings
A285_2,38575351177,GTBank,058,91882701716,savings
A285_3,38575351177,UBA,033,09515403011,current
A286_1,23505376470,Zenith Bank,057,94768096194,savings
A286_2,23505376470,Zenith Bank,057,82930051710,savings
A287_1,65682612242,First Bank,011,95776771692,savings
A287_2,65682612242,Union Bank,032,21748182707,savings
A288_1,54843090759,Union Bank,032,01548674368,savings
A288_2,54843090759,First Bank,011,59290295263,savings
A288_3,54843090759,Polaris Bank,076,58214535388,current
A288_4,54843090759,First Bank,011,47837905333,current
A288_5,54843090759,First Bank,011,77309313775,current
A289_1,06341118121,GTBank,058,69549967912,current
A289_2,06341118121,GTBank,058,97653258879,current
A289_3,06341118121,UBA,033,99130522288,savings
A289_4,06341118121,Zenith Bank,057,07364092873,current
A290_1,47477979931,Union Bank,032,38491120603,current
A290_2,47477979931,GTBank,058,58131733341,savings
A290_3,47477979931,Access Bank,044,08227511180,current
A290_4,47477979931,Zenith Bank,057,65289833370,current
A290_5,47477979931,Zenith Bank,057,27296056198,savings
A291_1,11350921392,GTBank,058,46168057882,current
A291_2,11350921392,Zenith Bank,057,41464102089,current
A291_3,11350921392,UBA,033,88909366001,savings
A291_4,11350921392,UBA,033,70148146257,savings
A291_5,11350921392,First Bank,011,75609911631,current
A292_1,17617873793,GTBank,058,46156034688,current
A292_2,17617873793,UBA,033,22459400901,current
A292_3,17617873793,Zenith Bank,057,71518304106,savings
A293_1,85597947697,Access Bank,044,29261995672,savings
A293_2,85597947697,Zenith Bank,057,39857668194,current
A293_3,85597947697,First Bank,011,18933038678,savings
A294_1,06526412438,First Bank,011,34076284307,current
A294_2,06526412438,UBA,033,03579634705,current
A294_3,06526412438,GTBank,058,32565395448,savings
A295_1,40124106607,UBA,033,94564552144,savings
A295_2,40124106607,Zenith Bank,057,79143743556,current
A295_3,40124106607,Polaris Bank,076,38996963107,current
A296_1,30575321153,GTBank,058,00194357424,current
A296_2,30575321153,GTBank,058,98083360804,current
A296_3,30575321153,UBA,033,32153241408,current
A296_4,30575321153,Zenith Bank,057,16226571311,current
A296_5,30575321153,GTBank,058,64203258876,current
A297_1,94423299732,Zenith Bank,057,82428825665,savings
A297_2,94423299732,GTBank,058,25517725868,current
A297_3,94423299732,UBA,033,01997401874,current
A298_1,85167345812,Zenith Bank,057,00881728333,current
A298_2,85167345812,Access Bank,044,15689548969,current
A298_3,85167345812,First Bank,011,75163209502,savings
A298_4,85167345812,Zenith Bank,057,14970232221,current
A298_5,85167345812,GTBank,058,24556838807,current
A299_1,78527918064,Union Bank,032,02789186231,current
A299_2,78527918064,Access Bank,044,77711962114,savings
A299_3,78527918064,Zenith Bank,057,28222406644,savings
A300_1,44763827162,Zenith Bank,057,97054978790,current
A300_2,44763827162,GTBank,058,79610348486,current
A300_3,44763827162,First Bank,011,79846484689,savings
A300_4,44763827162,GTBank,058,90355916638,savings
A301_1,13097335797,Polaris Bank,076,11005906958,savings
A301_2,13097335797,Zenith Bank,057,68840820621,savings
A301_3,13097335797,First Bank,011,56235781119,current
A302_1,72510811166,Union Bank,032,51924905555,current
A302_2,72510811166,Zenith Bank,057,04803676073,current
A302_3,72510811166,First Bank,011,46936295321,current
A303_1,47131483081,GTBank,058,99721377444,savings
A303_2,47131483081,Access Bank,044,61627140660,current
A303_3,47131483081,First Bank,011,02167025871,savings
A304_1,11910759131,Union Bank,032,35033180719,current
A304_2,11910759131,Access Bank,044,45233734933,savings
A304_3,11910759131,First Bank,011,57261198110,savings
A304_4,11910759131,Zenith Bank,057,01229245877,savings
A304_5,11910759131,First Bank,011,08484692601,savings
A305_1,15084061009,Polaris Bank,076,30828850369,savings
A305_2,15084061009,GTBank,058,65603614422,savings
A305_3,15084061009,First Bank,011,85868284756,current
A306_1,14259191672,Access Bank,044,70477909436,current
A306_2,14259191672,GTBank,058,77816958820,savings
A306_3,14259191672,Zenith Bank,057,44445194865,current
A307_1,34707773685,First Bank,011,35593224677,savings
A307_2,34707773685,Polaris Bank,076,56461649375,current
A308_1,45553623654,First Bank,011,93358137523,savings
A308_2,45553623654,Polaris Bank,076,65309180390,current
A308_3,45553623654,Access Bank,044,26081525708,savings
A308_4,45553623654,Polaris Bank,076,88338567289,current
A309_1,48094300033,UBA,033,25714589455,current
A309_2,48094300033,First Bank,011,99651880623,savings
A309_3,48094300033,Union Bank,032,02292693234,current
A309_4,48094300033,Access Bank,044,83301719644,current
A310_1,97181029627,Access Bank,044,41885340133,savings
A310_2,97181029627,Access Bank,044,18807369907,current
A310_3,97181029627,Zenith Bank,057,27194426765,current
A310_4,97181029627,Access Bank,044,51536373493,current
A310_5,97181029627,GTBank,058,64095635242,savings
A311_1,76314577174,GTBank,058,45212076269,savings
A311_2,76314577174,Access Bank,044,40451907440,current
A311_3,76314577174,Union Bank,032,16316482328,savings
A311_4,76314577174,GTBank,058,15144284743,savings
A311_5,76314577174,Access Bank,044,53992816237,current
A312_1,93657615545,First Bank,011,62263755698,current
A312_2,93657615545,First Bank,011,54588837359,savings
A312_3,93657615545,UBA,033,80145768888,current
A313_1,51688497592,Polaris Bank,076,07625781029,current
A313_2,51688497592,Union Bank,032,80930876997,savings
A313_3,51688497592,Polaris Bank,076,84531895270,current
A313_4,51688497592,Access Bank,044,75079083137,savings
A313_5,51688497592,Polaris Bank,076,12509589363,savings
A314_1,24563515120,GTBank,058,43490655522,savings
A314_2,24563515120,First Bank,011,76599843942,current
A314_3,24563515120,Access Bank,044,88241381236,savings
A314_4,24563515120,UBA,033,68941015964,current
A314_5,24563515120,Zenith Bank,057,92532074019,current
A315_1,93838628031,First Bank,011,01449516645,savings
A315_2,93838628031,Union Bank,032,57955042798,savings
A316_1,51589578738,First Bank,011,98997788770,current
A316_2,51589578738,Polaris Bank,076,95795246357,savings
A316_3,51589578738,Polaris Bank,076,47480766191,current
A316_4,51589578738,Union Bank,032,91112102618,savings
A316_5,51589578738,First Bank,011,67340700668,current
A317_1,02292506739,First Bank,011,29413987108,savings
A317_2,02292506739,Zenith Bank,057,10560350300,current
A317_3,02292506739,Polaris Bank,076,46097037387,savings
A317_4,02292506739,GTBank,058,51950460023,savings
A317_5,02292506739,Access Bank,044,04607041153,savings
A318_1,74031182872,Polaris Bank,076,84349123891,current
A318_2,74031182872,Union Bank,032,16032571797,current
A318_3,74031182872,First Bank,011,38741621630,savings
A319_1,40487091983,First Bank,011,63958148977,current
A319_2,40487091983,First Bank,011,25795423005,current
A320_1,40746991028,First Bank,011,75889396879,current
A320_2,40746991028,Polaris Bank,076,55290129421,savings
A321_1,19176783387,GTBank,058,10557911709,savings
A321_2,19176783387,Access Bank,044,37681497557,current
A321_3,19176783387,Zenith Bank,057,76357399985,current
A321_4,19176783387,Access Bank,044,93005852248,savings
A321_5,19176783387,GTBank,058,90083653257,current
A322_1,10686027244,UBA,033,10018787505,savings
A322_2,10686027244,UBA,033,65579181550,current
A322_3,10686027244,Union Bank,032,69473941934,savings
A322_4,10686027244,Polaris Bank,076,21079535696,current
A323_1,30681041040,Polaris Bank,076,71917943162,current
A323_2,30681041040,First Bank,011,07439779230,current
A323_3,30681041040,Zenith Bank,057,68942639102,current
A324_1,47627412544,Zenith Bank,057,93958733641,savings
A324_2,47627412544,Zenith Bank,057,20988455872,current
A324_3,47627412544,First Bank,011,86563091554,current
A324_4,47627412544,Polaris Bank,076,91322078759,savings
A325_1,07427335196,First Bank,011,41554062267,savings
A325_2,07427335196,UBA,033,75285948088,savings
A326_1,11836281814,First Bank,011,83920614869,savings
A326_2,11836281814,Union Bank,032,08002982740,current
A326_3,11836281814,Polaris Bank,076,75078781937,savings
A326_4,11836281814,First Bank,011,72529458960,current
A326_5,11836281814,Zenith Bank,057,33114158474,current
A327_1,50214455748,GTBank,058,24488075673,current
A327_2,50214455748,Polaris Bank,076,49012817231,savings
A327_3,50214455748,First Bank,011,30967582608,current
A327_4,50214455748,GTBank,058,06159969900,savings
A327_5,50214455748,Access Bank,044,88830923996,current
A328_1,81876685285,Zenith Bank,057,88321304385,current
A328_2,81876685285,UBA,033,64728633000,savings
A329_1,82429485493,First Bank,011,99302355323,savings
A329_2,82429485493,Zenith Bank,057,78423174797,current
A330_1,74001405132,Polaris Bank,076,43201488534,savings
A330_2,74001405132,Zenith Bank,057,31127641458,savings
A330_3,74001405132,GTBank,058,44148619879,savings
A331_1,79441625786,UBA,033,20769612409,current
A331_2,79441625786,GTBank,058,42016347584,current
A331_3,79441625786,First Bank,011,31858272848,savings
A331_4,79441625786,Access Bank,044,42019117886,current
A331_5,79441625786,Access Bank,044,41440265125,savings
A332_1,01145281014,GTBank,058,40048029418,savings
A332_2,01145281014,Access Bank,044,86921181932,savings
A332_3,01145281014,Polaris Bank,076,84574255903,current
A332_4,01145281014,First Bank,011,21378516724,savings
A333_1,94508133095,Zenith Bank,057,16324663408,current
A333_2,94508133095,Polaris Bank,076,30797800071,savings
A333_3,94508133095,UBA,033,51797982025,savings
A333_4,94508133095,Zenith Bank,057,51192192013,current
A333_5,94508133095,Polaris Bank,076,39182337824,current
A334_1,62171183140,First Bank,011,70807739669,savings
A334_2,62171183140,Zenith Bank,057,19404520017,current
A334_3,62171183140,Zenith Bank,057,65939013024,savings
A335_1,71494186338,First Bank,011,68931011323,savings
A335_2,71494186338,Zenith Bank,057,32715128549,current
A335_3,71494186338,GTBank,058,62616219528,current
A335_4,71494186338,First Bank,011,75119074043,savings
A335_5,71494186338,UBA,033,98759408914,current
A336_1,92835775859,First Bank,011,15132787051,savings
A336_2,92835775859,Zenith Bank,057,18011766182,savings
A336_3,92835775859,First Bank,011,51786097222,savings
A336_4,92835775859,Polaris Bank,076,57663841328,current
A336_5,92835775859,Access Bank,044,80541420760,savings
A337_1,52751180928,Union Bank,032,40349780983,savings
A337_2,52751180928,GTBank,058,77303414441,savings
A338_1,62814096204,GTBank,058,44633987467,current
A338_2,62814096204,Zenith Bank,057,19888481500,current
A338_3,62814096204,First Bank,011,65160154227,savings
A338_4,62814096204,Zenith Bank,057,23775325918,current
A339_1,73745241470,Polaris Bank,076,49132350752,savings
A339_2,73745241470,Access Bank,044,24386724952,current
A339_3,73745241470,Union Bank,032,07078934881,current
A340_1,74997326587,Polaris Bank,076,30485093743,savings
A340_2,74997326587,UBA,033,22245236604,savings
A340_3,74997326587,UBA,033,51748452005,current
A340_4,74997326587,First Bank,011,35358375261,current
A340_5,74997326587,Zenith Bank,057,90876886511,current
A341_1,06577547031,UBA,033,01857566551,savings
A341_2,06577547031,Union Bank,032,54382844904,current
A341_3,06577547031,Union Bank,032,61512659286,savings
A342_1,93960276403,GTBank,058,25576201867,current
A342_2,93960276403,Access Bank,044,71480692218,savings
A342_3,93960276403,Union Bank,032,16279696009,savings
A342_4,93960276403,Polaris Bank,076,10516082555,savings
A342_5,93960276403,Union Bank,032,44564182257,savings
A343_1,60155356420,Zenith Bank,057,31741558210,savings
A343_2,60155356420,Union Bank,032,94682283663,current
A344_1,80078911825,Polaris Bank,076,95487237092,current
A344_2,80078911825,GTBank,058,38833272768,current
A344_3,80078911825,GTBank,058,72024788518,current
A345_1,92394111438,UBA,033,49891026314,savings
A345_2,92394111438,First Bank,011,04049518399,savings
A345_3,92394111438,UBA,033,57772354954,current
A345_4,92394111438,Polaris Bank,076,41943250988,savings
A346_1,02517094082,GTBank,058,76887521284,savings
A346_2,02517094082,UBA,033,98406436276,savings
A346_3,02517094082,Zenith Bank,057,20671528099,current
A346_4,02517094082,First Bank,011,68629495979,savings
A346_5,02517094082,Zenith Bank,057,68410436064,current
A347_1,59179678029,Access Bank,044,46800411490,current
A347_2,59179678029,Union Bank,032,05691368501,current
A347_3,59179678029,UBA,033,14178838267,current
A348_1,44941299864,Zenith Bank,057,96890691532,current
A348_2,44941299864,UBA,033,12607535070,current
A349_1,27662690440,Zenith Bank,057,35992971056,current
A349_2,27662690440,Access Bank,044,31972385629,savings
A350_1,65031609246,First Bank,011,85507407649,savings
A350_2,65031609246,First Bank,011,06160886980,savings
A350_3,65031609246,GTBank,058,69830555382,savings
A350_4,65031609246,Union Bank,032,16097610296,current
A350_5,65031609246,Access Bank,044,42727905879,savings
A351_1,07278575478,Access Bank,044,02070503890,current
A351_2,07278575478,Zenith Bank,057,50902328315,savings
A351_3,07278575478,Access Bank,044,64865020118,savings
A352_1,61163674345,Union Bank,032,50849996226,savings
A352_2,61163674345,First Bank,011,02566920561,current
A352_3,61163674345,UBA,033,33288734856,savings
A353_1,16063281415,Union Bank,032,17050310466,savings
A353_2,16063281415,GTBank,058,48305531325,current
A353_3,16063281415,Access Bank,044,42797308694,savings
A353_4,16063281415,Union Bank,032,34577965473,current
A353_5,16063281415,First Bank,011,54312874653,savings
A354_1,34799688028,GTBank,058,21866471582,savings
A354_2,34799688028,UBA,033,15121389386,current
A354_3,34799688028,Polaris Bank,076,14291786021,savings
A355_1,29062752226,Zenith Bank,057,88323809356,savings
A355_2,29062752226,Polaris Bank,076,29108792174,savings
A356_1,94429476039,First Bank,011,61536086720,current
A356_2,94429476039,Polaris Bank,076,26847544398,current
A356_3,94429476039,First Bank,011,80071596798,current
A356_4,94429476039,Access Bank,044,97243451996,current
A356_5,94429476039,First Bank,011,78785057456,current
A357_1,80276148217,First Bank,011,95669329206,savings
A357_2,80276148217,Zenith Bank,057,64691989734,savings
A357_3,80276148217,UBA,033,89134548759,savings
A358_1,25543580530,Access Bank,044,99373442738,savings
A358_2,25543580530,Polaris Bank,076,98842805510,current
A358_3,25543580530,Union Bank,032,10397642499,current
A358_4,25543580530,UBA,033,37839142034,current
A359_1,88200321123,Union Bank,032,45452340002,savings
A359_2,88200321123,First Bank,011,06829541730,savings
A359_3,88200321123,Zenith Bank,057,06872607684,current
A359_4,88200321123,Zenith Bank,057,89881295136,savings
A359_5,88200321123,GTBank,058,29437749903,savings
A360_1,56856519072,Union Bank,032,91568481254,current
A360_2,56856519072,Access Bank,044,45469135429,savings
A360_3,56856519072,Polaris Bank,076,25716753591,current
A361_1,16294735771,First Bank,011,04829900897,savings
A361_2,16294735771,Union Bank,032,45213333650,current
A361_3,16294735771,GTBank,058,92416169011,current
A362_1,65087488764,Union Bank,032,43259856042,savings
A362_2,65087488764,UBA,033,30405397618,savings
A362_3,65087488764,UBA,033,55420104023,savings
A362_4,65087488764,First Bank,011,19766308515,current
A362_5,65087488764,Zenith Bank,057,87078080478,savings
A363_1,80527515829,UBA,033,04468789134,current
A363_2,80527515829,Polaris Bank,076,47786813667,current
A363_3,80527515829,First Bank,011,60104682282,current
A363_4,80527515829,UBA,033,35293340911,savings
A364_1,97815437876,Union Bank,032,29863529529,savings
A364_2,97815437876,Polaris Bank,076,84898021324,savings
A364_3,97815437876,Polaris Bank,076,83937196625,savings
A364_4,97815437876,First Bank,011,71833731823,current
A364_5,97815437876,Union Bank,032,87037557042,current
A365_1,78737363206,Access Bank,044,39806456980,current
A365_2,78737363206,Polaris Bank,076,86387256827,savings
A366_1,57146997019,UBA,033,45344013321,savings
A366_2,57146997019,GTBank,058,18169250824,current
A366_3,57146997019,Polaris Bank,076,58460440138,savings
A366_4,57146997019,GTBank,058,20128033381,current
A366_5,57146997019,Access Bank,044,81341257393,current
A367_1,37644820609,Zenith Bank,057,72997925419,savings
A367_2,37644820609,Access Bank,044,53790927634,savings
A367_3,37644820609,First Bank,011,10274553080,savings
A368_1,52464505300,First Bank,011,00244690704,savings
A368_2,52464505300,GTBank,058,64541784581,current
A368_3,52464505300,First Bank,011,86280917001,savings
A369_1,15896366912,First Bank,011,32750948271,savings
A369_2,15896366912,Access Bank,044,82038511310,savings
A369_3,15896366912,First Bank,011,81252516359,savings
A370_1,71728421352,GTBank,058,41108927649,savings
A370_2,71728421352,UBA,033,25636838069,current
A371_1,33827317856,Polaris Bank,076,53249274322,current
A371_2,33827317856,Union Bank,032,16753228794,savings
A371_3,33827317856,GTBank,058,23068641693,savings
A371_4,33827317856,Access Bank,044,92554607352,current
A372_1,52685643290,First Bank,011,84341800544,savings
A372_2,52685643290,First Bank,011,51751993177,current
A373_1,33215818272,First Bank,011,03556916732,current
A373_2,33215818272,Union Bank,032,04906522113,savings
A373_3,33215818272,Union Bank,032,37047525702,current
A373_4,33215818272,UBA,033,92944892728,current
A373_5,33215818272,Union Bank,032,00046099049,savings
A374_1,70381915889,GTBank,058,97289321030,savings
A374_2,70381915889,GTBank,058,65649525034,savings
A375_1,71870698934,Access Bank,044,84639909248,current
A375_2,71870698934,First Bank,011,42462709461,current
A376_1,15221380292,Union Bank,032,39167806270,current
A376_2,15221380292,GTBank,058,55659332592,savings
A376_3,15221380292,First Bank,011,01973499235,savings
A376_4,15221380292,Polaris Bank,076,81601473328,current
A376_5,15221380292,Zenith Bank,057,00299129369,savings
A377_1,27571099450,First Bank,011,71861111102,current
A377_2,27571099450,Access Bank,044,85365020726,savings
A377_3,27571099450,GTBank,058,28112689337,current
A378_1,91659092693,Polaris Bank,076,81289203775,savings
A378_2,91659092693,First Bank,011,92444765166,savings
A378_3,91659092693,Union Bank,032,02395709451,savings
A378_4,91659092693,First Bank,011,08694998453,current
A378_5,91659092693,First Bank,011,59975375257,current
A379_1,64663165000,Polaris Bank,076,03149452803,savings
A379_2,64663165000,GTBank,058,51761632488,savings
A379_3,64663165000,Polaris Bank,076,38021791300,savings
A380_1,41132863348,Polaris Bank,076,27217621206,savings
A380_2,41132863348,Access Bank,044,52291418601,current
A380_3,41132863348,GTBank,058,21113457932,savings
A380_4,41132863348,GTBank,058,83288398791,savings
A380_5,41132863348,Polaris Bank,076,55378014605,savings
A381_1,26446061530,UBA,033,50498107382,savings
A381_2,26446061530,First Bank,011,03647723422,savings
A381_3,26446061530,Zenith Bank,057,71271699694,current
A381_4,26446061530,Access Bank,044,73366700558,current
A382_1,40676126366,UBA,033,13183676324,savings
A382_2,40676126366,GTBank,058,21300743955,savings
A382_3,40676126366,GTBank,058,87014568329,current
A382_4,40676126366,GTBank,058,16264583250,savings
A382_5,40676126366,UBA,033,76033731472,current
A383_1,01129282933,Polaris Bank,076,28231363959,current
A383_2,01129282933,Polaris Bank,076,35318041444,savings
A383_3,01129282933,UBA,033,77652621114,current
A383_4,01129282933,GTBank,058,91724589670,current
A384_1,97483826426,Polaris Bank,076,16869620947,current
A384_2,97483826426,Zenith Bank,057,01668784001,savings
A384_3,97483826426,Union Bank,032,09086291878,savings
A384_4,97483826426,Union Bank,032,27445071954,savings
A384_5,97483826426,Zenith Bank,057,63862988509,current
A385_1,27081670520,Access Bank,044,78650975772,savings
A385_2,27081670520,First Bank,011,00233502356,current
A385_3,27081670520,Access Bank,044,52335160953,current
A385_4,27081670520,Union Bank,032,44850961491,savings
A386_1,41039479154,UBA,033,87839213554,current
A386_2,41039479154,GTBank,058,75299557114,savings
A386_3,41039479154,First Bank,011,09730652456,savings
A387_1,08215294435,First Bank,011,38321284195,current
A387_2,08215294435,Access Bank,044,17048571444,savings
A387_3,08215294435,Zenith Bank,057,17236453060,savings
A387_4,08215294435,First Bank,011,10181222607,current
A388_1,86447879965,Access Bank,044,66522207198,savings
A388_2,86447879965,Access Bank,044,93714261002,savings
A388_3,86447879965,Zenith Bank,057,43264737509,savings
A388_4,86447879965,Access Bank,044,70079400457,current
A388_5,86447879965,First Bank,011,89589235738,savings
A389_1,15402285468,First Bank,011,16415352899,current
A389_2,15402285468,Union Bank,032,62008615606,current
A389_3,15402285468,Polaris Bank,076,73553218467,savings
A390_1,93462578800,First Bank,011,09850592623,savings
A390_2,93462578800,Polaris Bank,076,60702244241,savings
A390_3,93462578800,First Bank,011,58116539734,current
A391_1,78892980969,Polaris Bank,076,05136644867,savings
A391_2,78892980969,GTBank,058,44485481582,savings
A391_3,78892980969,Polaris Bank,076,45630687191,savings
A391_4,78892980969,Polaris Bank,076,14485564399,current
A391_5,78892980969,Union Bank,032,15667902585,savings
A392_1,13444983089,First Bank,011,14873510859,current
A392_2,13444983089,First Bank,011,83050195083,savings
A392_3,13444983089,UBA,033,06256548469,savings
A392_4,13444983089,Union Bank,032,67501830636,current
A393_1,25946391842,GTBank,058,98796428429,current
A393_2,25946391842,First Bank,011,96386873993,current
A393_3,25946391842,Zenith Bank,057,69275426232,savings
A393_4,25946391842,Polaris Bank,076,26896495685,current
A393_5,25946391842,GTBank,058,58696968829,current
A394_1,52064349921,UBA,033,87968007373,savings
A394_2,52064349921,UBA,033,55418011961,savings
A394_3,52064349921,Access Bank,044,64941936969,savings
A395_1,29015336662,Access Bank,044,81426622487,savings
A395_2,29015336662,Access Bank,044,07912309138,current
A396_1,14698365455,Union Bank,032,78653069337,savings
A396_2,14698365455,GTBank,058,66944514220,savings
A396_3,14698365455,Zenith Bank,057,86834781481,current
A396_4,14698365455,Union Bank,032,02196306050,current
A397_1,27263079303,Union Bank,032,28992785593,current
A397_2,27263079303,UBA,033,80211622065,savings
A397_3,27263079303,Access Bank,044,12474460720,current
A398_1,61082246278,Polaris Bank,076,59963730485,current
A398_2,61082246278,UBA,033,16774810538,current
A398_3,61082246278,First Bank,011,46447356442,savings
A398_4,61082246278,First Bank,011,31230907382,current
A398_5,61082246278,GTBank,058,50296813370,savings
A399_1,26724662071,First Bank,011,86408322051,savings
A399_2,26724662071,Union Bank,032,05532051786,savings
A400_1,76282560942,UBA,033,30600401258,savings
A400_2,76282560942,Access Bank,044,76831450177,current
A400_3,76282560942,GTBank,058,73236133864,current
A400_4,76282560942,First Bank,011,04786657823,savings
A401_1,14894203205,Zenith Bank,057,67969378147,savings
A401_2,14894203205,First Bank,011,26047616322,current
A401_3,14894203205,Zenith Bank,057,97292023555,current
A401_4,14894203205,GTBank,058,92572054664,savings
A402_1,60397199561,GTBank,058,39105152110,savings
A402_2,60397199561,First Bank,011,45940834677,current
A402_3,60397199561,GTBank,058,84266018112,current
A403_1,79375519944,Union Bank,032,49841844344,savings
A403_2,79375519944,First Bank,011,08287680596,savings
A403_3,79375519944,Access Bank,044,76009376129,savings
A403_4,79375519944,Zenith Bank,057,41806520836,savings
A403_5,79375519944,GTBank,058,26673753498,savings
A404_1,18926139342,Polaris Bank,076,98888917118,savings
A404_2,18926139342,Union Bank,032,63522875303,savings
A404_3,18926139342,UBA,033,60743639056,current
A404_4,18926139342,Zenith Bank,057,37512757611,current
A405_1,68399450294,First Bank,011,97111182657,savings
A405_2,68399450294,UBA,033,80627430807,current
A405_3,68399450294,UBA,033,22982661287,savings
A406_1,63479174039,Access Bank,044,66010363306,savings
A406_2,63479174039,Access Bank,044,58309701361,savings
A407_1,09233594113,First Bank,011,16877326104,savings
A407_2,09233594113,First Bank,011,51422569241,current
A407_3,09233594113,Zenith Bank,057,46757322719,savings
A407_4,09233594113,Zenith Bank,057,53428081759,current
A408_1,68988249843,Access Bank,044,07731549976,current
A408_2,68988249843,First Bank,011,65445544178,savings
A408_3,68988249843,Polaris Bank,076,88408690925,current
A408_4,68988249843,Zenith Bank,057,13847035596,current
A408_5,68988249843,Polaris Bank,076,42571229664,current
A409_1,09939674772,Union Bank,032,75881983962,current
A409_2,09939674772,Zenith Bank,057,89413857672,current
A409_3,09939674772,Polaris Bank,076,57450333080,savings
A409_4,09939674772,Polaris Bank,076,81533962765,current
A410_1,18745702319,UBA,033,73721091360,savings
A410_2,18745702319,GTBank,058,42142344683,current
A410_3,18745702319,UBA,033,43069968247,current
A410_4,18745702319,Access Bank,044,66698713177,savings
A411_1,97445221944,GTBank,058,27057608773,current
A411_2,97445221944,First Bank,011,71773593633,savings
A411_3,97445221944,Access Bank,044,98149696092,savings
A411_4,97445221944,Polaris Bank,076,85002396806,current
A412_1,89018574940,Union Bank,032,07746885167,savings
A412_2,89018574940,Polaris Bank,076,33635621227,savings
A412_3,89018574940,Zenith Bank,057,49838664900,savings
A412_4,89018574940,Access Bank,044,20304425827,current
A412_5,89018574940,Polaris Bank,076,14880321976,savings
A413_1,74230967438,First Bank,011,51151997502,current
A413_2,74230967438,GTBank,058,66463668576,savings
A413_3,74230967438,Access Bank,044,99533588336,savings
A414_1,59025908779,GTBank,058,19163489887,savings
A414_2,59025908779,UBA,033,15192924108,current
A414_3,59025908779,Union Bank,032,38930030407,savings
A415_1,68463734847,Zenith Bank,057,15198530306,savings
A415_2,68463734847,Zenith Bank,057,09979360888,savings
A416_1,12815451664,Zenith Bank,057,64777051769,current
A416_2,12815451664,Polaris Bank,076,47547109692,current
A416_3,12815451664,Access Bank,044,67214160398,current
A416_4,12815451664,GTBank,058,65967165032,savings
A416_5,12815451664,Polaris Bank,076,19107882939,current
A417_1,05205754920,Zenith Bank,057,48369680394,savings
A417_2,05205754920,GTBank,058,81589785028,current
A417_3,05205754920,Polaris Bank,076,64876203778,current
A417_4,05205754920,Polaris Bank,076,75953572879,savings
A417_5,05205754920,Union Bank,032,31230746832,current
A418_1,48255857836,Union Bank,032,79712224535,current
A418_2,48255857836,GTBank,058,68444092829,current
A418_3,48255857836,Union Bank,032,58412604867,savings
A419_1,97454290693,Zenith Bank,057,76432470363,savings
A419_2,97454290693,UBA,033,64527909351,savings
A420_1,31073461212,Polaris Bank,076,67469889271,current
A420_2,31073461212,Access Bank,044,50884275471,current
A420_3,31073461212,First Bank,011,32835808427,current
A421_1,61167367605,Access Bank,044,57108338782,savings
A421_2,61167367605,Zenith Bank,057,86485011293,current
A421_3,61167367605,Union Bank,032,62705704368,savings
A421_4,61167367605,GTBank,058,60431620373,savings
A422_1,42556273524,Polaris Bank,076,36676394443,current
A422_2,42556273524,Access Bank,044,81105780492,savings
A423_1,33410013242,Zenith Bank,057,64194541367,current
A423_2,33410013242,UBA,033,33364632133,savings
A424_1,86593734904,UBA,033,27764342894,savings
A424_2,86593734904,First Bank,011,29648822575,savings
A424_3,86593734904,GTBank,058,52937041810,current
A424_4,86593734904,GTBank,058,60874035654,current
A425_1,71530917382,UBA,033,36354441520,savings
A425_2,71530917382,Access Bank,044,23110204816,savings
A425_3,71530917382,GTBank,058,48937747892,savings
A425_4,71530917382,Access Bank,044,17966962368,savings
A425_5,71530917382,Union Bank,032,30181948452,savings
A426_1,15739186971,Zenith Bank,057,46598883739,current
A426_2,15739186971,First Bank,011,33238291075,current
A426_3,15739186971,First Bank,011,03450305656,savings
A427_1,49430724031,GTBank,058,81459004794,current
A427_2,49430724031,Access Bank,044,05964157373,current
A427_3,49430724031,Union Bank,032,44861012555,current
A428_1,13508632346,Access Bank,044,97607270574,savings
A428_2,13508632346,Access Bank,044,21897561085,savings
A429_1,19139419902,Union Bank,032,47755320892,current
A429_2,19139419902,Access Bank,044,57818603288,current
A429_3,19139419902,First Bank,011,39326301008,savings
A429_4,19139419902,GTBank,058,15153954593,current
A430_1,09040044050,First Bank,011,65323274848,current
A430_2,09040044050,Access Bank,044,80239675766,savings
A430_3,09040044050,Polaris Bank,076,86422154873,current
A430_4,09040044050,GTBank,058,82810588579,savings
A431_1,85938810588,Access Bank,044,43427445713,savings
A431_2,85938810588,First Bank,011,23967562653,current
A431_3,85938810588,First Bank,011,04771868059,current
A431_4,85938810588,Polaris Bank,076,07444547258,savings
A431_5,85938810588,Union Bank,032,34588907042,current
A432_1,15417496122,GTBank,058,20470895976,savings
A432_2,15417496122,UBA,033,33135375052,savings
A432_3,15417496122,GTBank,058,03928524921,savings
A433_1,23995024731,Polaris Bank,076,07912049099,current
A433_2,23995024731,UBA,033,99976545495,savings
A433_3,23995024731,Polaris Bank,076,86213345195,current
A433_4,23995024731,Access Bank,044,34275540005,current
A433_5,23995024731,UBA,033,30911770833,current
A434_1,02418082483,Access Bank,044,28270572591,savings
A434_2,02418082483,UBA,033,53912537000,current
A434_3,02418082483,Polaris Bank,076,39114263764,savings
A435_1,37549960101,First Bank,011,88587555159,current
A435_2,37549960101,GTBank,058,98088606994,current
A435_3,37549960101,GTBank,058,38999288511,savings
A435_4,37549960101,Polaris Bank,076,55616999729,current
A436_1,74172618864,Polaris Bank,076,38868657296,current
A436_2,74172618864,Access Bank,044,14896750064,current
A436_3,74172618864,Access Bank,044,42137613592,savings
A436_4,74172618864,UBA,033,07728996129,savings
A437_1,71130484900,GTBank,058,74315277766,current
A437_2,71130484900,Access Bank,044,77038014974,savings
A437_3,71130484900,Polaris Bank,076,40715576484,current
A438_1,34487360912,Zenith Bank,057,43892196403,savings
A438_2,34487360912,Zenith Bank,057,76876146318,savings
A438_3,34487360912,Zenith Bank,057,82923682123,savings
A439_1,17905374020,Zenith Bank,057,40938059662,savings
A439_2,17905374020,Access Bank,044,88693051881,savings
A439_3,17905374020,Zenith Bank,057,58970029930,savings
A440_1,73999681683,Zenith Bank,057,40714806539,current
A440_2,73999681683,GTBank,058,21804001353,current
A440_3,73999681683,Polaris Bank,076,64483664957,savings
A440_4,73999681683,UBA,033,10277875455,savings
A440_5,73999681683,Union Bank,032,52293195194,current
A441_1,08345966397,Polaris Bank,076,71065692112,current
A441_2,08345966397,First Bank,011,24277927695,current
A441_3,08345966397,Union Bank,032,12962403204,current
A442_1,40578034363,Polaris Bank,076,62900383372,current
A442_2,40578034363,Union Bank,032,74260451781,current
A443_1,56012099236,Polaris Bank,076,05985462513,current
A443_2,56012099236,Zenith Bank,057,22725700021,current
A444_1,62067195632,UBA,033,34340102903,current
A444_2,62067195632,Access Bank,044,48910350298,savings
A444_3,62067195632,Polaris Bank,076,75934478821,current
A444_4,62067195632,Zenith Bank,057,74653101335,current
A444_5,62067195632,GTBank,058,31172525372,current
A445_1,20320815633,UBA,033,04705811571,current
A445_2,20320815633,Access Bank,044,83658745729,savings
A445_3,20320815633,Access Bank,044,22101995109,savings
A446_1,62318634545,First Bank,011,12873317464,current
A446_2,62318634545,UBA,033,74228926595,savings
A446_3,62318634545,Polaris Bank,076,62673960843,savings
A446_4,62318634545,Polaris Bank,076,80174206049,savings
A446_5,62318634545,First Bank,011,08096627120,current
A447_1,02254357685,First Bank,011,94474972453,savings
A447_2,02254357685,UBA,033,88941901740,savings
A447_3,02254357685,Access Bank,044,20922983542,savings
A447_4,02254357685,First Bank,011,65679931517,savings
A447_5,02254357685,Union Bank,032,87398736516,current
A448_1,23174829253,Zenith Bank,057,88336814856,current
A448_2,23174829253,GTBank,058,79922179394,current
A448_3,23174829253,Union Bank,032,36423617333,savings
A448_4,23174829253,Zenith Bank,057,93232564129,current
A448_5,23174829253,Zenith Bank,057,30852648053,savings
A449_1,31863619067,Zenith Bank,057,48457976098,savings
A449_2,31863619067,Access Bank,044,07561863506,current
A450_1,41902216946,Zenith Bank,057,75114759813,savings
A450_2,41902216946,First Bank,011,81476425365,current
A450_3,41902216946,First Bank,011,84022505213,savings
A450_4,41902216946,Union Bank,032,86441364285,savings
A451_1,93942357296,Union Bank,032,07202653403,current
A451_2,93942357296,Union Bank,032,56679614461,current
A452_1,56079941173,Access Bank,044,06365477971,current
A452_2,56079941173,Access Bank,044,98335617200,savings
A452_3,56079941173,Polaris Bank,076,99425139441,current
A453_1,92820003275,Polaris Bank,076,87047506243,current
A453_2,92820003275,GTBank,058,51010402526,current
A453_3,92820003275,Union Bank,032,61648631733,savings
A454_1,03056677182,Union Bank,032,20750966861,current
A454_2,03056677182,First Bank,011,32145858143,savings
A455_1,48435732822,Polaris Bank,076,40527507041,current
A455_2,48435732822,GTBank,058,81010330686,current
A456_1,07131312169,Union Bank,032,29798391381,current
A456_2,07131312169,UBA,033,01131354145,savings
A456_3,07131312169,UBA,033,42925909398,savings
A457_1,75150888168,UBA,033,73434681145,savings
A457_2,75150888168,Access Bank,044,03341838190,current
A457_3,75150888168,Union Bank,032,95907869172,current
A457_4,75150888168,First Bank,011,09146066857,savings
A458_1,69297775748,UBA,033,69982545538,current
A458_2,69297775748,Union Bank,032,79563657794,savings
A459_1,09564425677,UBA,033,80491437362,current
A459_2,09564425677,UBA,033,89139725926,current
A459_3,09564425677,GTBank,058,96874679384,savings
A459_4,09564425677,Zenith Bank,057,94495359230,savings
A459_5,09564425677,GTBank,058,04688438683,savings
A460_1,60525117309,First Bank,011,10918831267,savings
A460_2,60525117309,Polaris Bank,076,24261924046,savings
A460_3,60525117309,UBA,033,57334991012,savings
A460_4,60525117309,First Bank,011,43975771152,savings
A461_1,91670407118,Access Bank,044,46202383314,current
A461_2,91670407118,Access Bank,044,44458372149,savings
A462_1,28056843681,GTBank,058,30170690796,savings
A462_2,28056843681,Polaris Bank,076,02826458937,savings
A462_3,28056843681,Access Bank,044,67856871976,savings
A463_1,03001488112,Zenith Bank,057,54151416567,savings
A463_2,03001488112,Access Bank,044,91959273518,current
A463_3,03001488112,UBA,033,48460482169,current
A463_4,03001488112,Access Bank,044,14442492486,current
A463_5,03001488112,Zenith Bank,057,44489095691,current
A464_1,15717147772,Union Bank,032,43735708639,current
A464_2,15717147772,First Bank,011,61511172539,current
A464_3,15717147772,Polaris Bank,076,03050665507,current
A465_1,05748114670,GTBank,058,75419463008,savings
A465_2,05748114670,Union Bank,032,04847013165,savings
A465_3,05748114670,UBA,033,69261091949,current
A466_1,24669684574,GTBank,058,26002374076,current
A466_2,24669684574,UBA,033,08147624477,current
A466_3,24669684574,UBA,033,31639834073,savings
A466_4,24669684574,Zenith Bank,057,75635250097,current
A467_1,17642065227,First Bank,011,60736054455,current
A467_2,17642065227,First Bank,011,58035160671,current
A468_1,68078182394,Access Bank,044,84787107292,current
A468_2,68078182394,Zenith Bank,057,43259945247,savings
A468_3,68078182394,Zenith Bank,057,04445831814,current
A468_4,68078182394,Polaris Bank,076,65649593258,current
A469_1,92099199948,GTBank,058,23261885742,current
A469_2,92099199948,Polaris Bank,076,49035477289,current
A469_3,92099199948,UBA,033,04658910749,savings
A469_4,92099199948,First Bank,011,22468979046,current
A469_5,92099199948,UBA,033,28310810505,savings
A470_1,54703062655,UBA,033,65530167359,current
A470_2,54703062655,Access Bank,044,86396715165,current
A470_3,54703062655,Polaris Bank,076,40126816590,savings
A470_4,54703062655,First Bank,011,21089591484,current
A471_1,19771143020,Polaris Bank,076,62263879743,current
A471_2,19771143020,First Bank,011,19188470225,current
A471_3,19771143020,Zenith Bank,057,29726813949,current
A471_4,19771143020,Access Bank,044,77071324676,current
A472_1,89621458074,GTBank,058,09268747276,savings
A472_2,89621458074,Access Bank,044,91535940882,current
A472_3,89621458074,Zenith Bank,057,95589404652,savings
A472_4,89621458074,Union Bank,032,17295017507,savings
A472_5,89621458074,Access Bank,044,52463870501,savings
A473_1,22834164549,Polaris Bank,076,93359038261,savings
A473_2,22834164549,Union Bank,032,43388856961,current
A473_3,22834164549,UBA,033,19987657060,savings
A473_4,22834164549,Access Bank,044,67083221808,savings
A474_1,43622571917,Zenith Bank,057,29075942875,savings
A474_2,43622571917,Zenith Bank,057,17893814357,current
A475_1,94908693409,Zenith Bank,057,74266414504,current
A475_2,94908693409,Zenith Bank,057,81101062020,current
A475_3,94908693409,GTBank,058,51565675633,savings
A475_4,94908693409,Zenith Bank,057,15680161358,savings
A476_1,09248303989,UBA,033,15723817708,savings
A476_2,09248303989,Union Bank,032,27549084307,current
A476_3,09248303989,First Bank,011,37384287238,current
A477_1,95068773879,Union Bank,032,36458362792,current
A477_2,95068773879,GTBank,058,04738758065,savings
A477_3,95068773879,Access Bank,044,22207354266,savings
A477_4,95068773879,Union Bank,032,66237841835,savings
A477_5,95068773879,First Bank,011,65323827897,savings
A478_1,95174595435,Polaris Bank,076,44548244702,savings
A478_2,95174595435,First Bank,011,14138540250,savings
A478_3,95174595435,UBA,033,17204577780,current
A479_1,13988051703,Union Bank,032,37999940202,current
A479_2,13988051703,GTBank,058,63983440980,current
A479_3,13988051703,Access Bank,044,61412574210,current
A479_4,13988051703,Union Bank,032,78355689364,savings
A480_1,27606901187,Polaris Bank,076,40489363731,current
A480_2,27606901187,GTBank,058,26352897469,current
A480_3,27606901187,Zenith Bank,057,13591979986,current
A480_4,27606901187,Polaris Bank,076,23576313142,savings
A481_1,84954098044,UBA,033,70299550926,savings
A481_2,84954098044,Access Bank,044,33198564687,current
A481_3,84954098044,Access Bank,044,65560183694,savings
A481_4,84954098044,First Bank,011,35870594087,current
A482_1,07071913427,First Bank,011,37392775563,savings
A482_2,07071913427,UBA,033,29695874058,savings
A482_3,07071913427,Access Bank,044,31917750974,savings
A483_1,66405372986,Access Bank,044,70067075948,current
A483_2,66405372986,Zenith Bank,057,50674777920,savings
A483_3,66405372986,Polaris Bank,076,58522164758,savings
A483_4,66405372986,Union Bank,032,63876233143,current
A484_1,05119243881,Polaris Bank,076,90176939342,savings
A484_2,05119243881,GTBank,058,94727720511,current
A484_3,05119243881,UBA,033,34135465073,savings
A485_1,39491429153,Polaris Bank,076,84135122476,savings
A485_2,39491429153,Union Bank,032,06362824218,savings
A485_3,39491429153,Zenith Bank,057,66582237034,savings
A486_1,22157676195,Access Bank,044,13652612376,current
A486_2,22157676195,Zenith Bank,057,19945629556,savings
A486_3,22157676195,Access Bank,044,24949686032,savings
A486_4,22157676195,Access Bank,044,53569776710,current
A486_5,22157676195,Zenith Bank,057,49646062240,current
A487_1,85525368051,First Bank,011,26259266922,current
A487_2,85525368051,Access Bank,044,37446300401,savings
A487_3,85525368051,Zenith Bank,057,01842627176,current
A488_1,27192945506,UBA,033,53904974377,savings
A488_2,27192945506,Access Bank,044,65662440865,current
A489_1,04976391278,GTBank,058,24507871903,current
A489_2,04976391278,Polaris Bank,076,39547340575,current
A489_3,04976391278,GTBank,058,28364320131,savings
A489_4,04976391278,Union Bank,032,55562891928,current
A490_1,24391130240,Access Bank,044,50422491700,savings
A490_2,24391130240,Access Bank,044,13925669545,savings
A490_3,24391130240,Access Bank,044,69073362384,current
A490_4,24391130240,Union Bank,032,08530813815,savings
A491_1,98088805953,GTBank,058,73835675855,savings
A491_2,98088805953,Access Bank,044,57445661877,current
A492_1,09760928015,First Bank,011,80945314531,savings
A492_2,09760928015,First Bank,011,97776995894,current
A492_3,09760928015,Union Bank,032,61148001787,savings
A492_4,09760928015,GTBank,058,86620357759,savings
A493_1,41126656798,Polaris Bank,076,59330102454,current
A493_2,41126656798,Access Bank,044,79872788876,current
A494_1,92852432804,Access Bank,044,92352658502,current
A494_2,92852432804,First Bank,011,01606486918,current
A495_1,47688109945,UBA,033,09936431317,current
A495_2,47688109945,Access Bank,044,47352985674,savings
A495_3,47688109945,Polaris Bank,076,13144600399,savings
A495_4,47688109945,UBA,033,09329337803,current
A496_1,68419070372,Polaris Bank,076,43962117700,savings
A496_2,68419070372,Access Bank,044,95982189608,current
A497_1,52986684718,Access Bank,044,22656701006,current
A497_2,52986684718,Polaris Bank,076,13934774235,current
A498_1,97884735517,Access Bank,044,18967539235,savings
A498_2,97884735517,GTBank,058,54023497559,current
A498_3,97884735517,UBA,033,36506042687,current
A498_4,97884735517,GTBank,058,56177306428,savings
A499_1,29261809358,Access Bank,044,48632225468,current
A499_2,29261809358,Union Bank,032,00026235377,current
A499_3,29261809358,GTBank,058,67509507981,savings
A499_4,29261809358,UBA,033,42492195092,savings
A499_5,29261809358,UBA,033,12620804697,savings
A500_1,75348242389,Access Bank,044,19761598585,current
A500_2,75348242389,Zenith Bank,057,52447228973,current
A500_3,75348242389,GTBank,058,56046385902,current
A500_4,75348242389,Union Bank,032,23828515384,savings
A500_5,75348242389,Zenith Bank,057,12187464737,savings
